server,dataset_id,title,n_stations,cadence_min,start,end,years,chl_var,temp_var,sal_var,do_var,station_var,lat_min,lat_max,lon_min,lon_max,url,already_covered
APDRC,wod13_ctd_obs_atlantic,wod13 ctd obs atlantic (Dapper),1,33.8,1797-04-06,1971-07-18,174.3,Var_11,,Qf_Var_2,Qf_Var_3,,-26.667,69.9,12.483,354.417,https://apdrc.soest.hawaii.edu/erddap/tabledap/wod13_ctd_obs_atlantic,False
APDRC,wod13_ctd_std_atlantic,wod13 ctd std atlantic (Dapper),1,33.8,1797-04-06,1971-07-18,174.3,Var_11,,Qf_Var_2,Qf_Var_3,,-26.667,69.9,12.483,354.417,https://apdrc.soest.hawaii.edu/erddap/tabledap/wod13_ctd_std_atlantic,False
BCODMO,bcodmo_dataset_937302_v1,[BAIT Bottle Data from Trace-metal CTD Casts] - Concentrations of trace metals and dissolved macronutrients and CTD sens,1,4.7,2019-03-11,2019-11-21,0.7,Chl,,,,,31.177,32.151,-64.815,-63.58,https://erddap.bco-dmo.org/erddap/tabledap/bcodmo_dataset_937302_v1,False
BCODMO,bcodmo_dataset_3670,"[biogeochem_microbes] - Algae, bacteria, DOC, inorganic and organic nutrients collected from the Richard B Gump Research",1,10.0,2010-09-09,2011-09-14,1.0,prochloro,,,,,-17.58794,-17.46267,-149.88848,-149.82165,https://erddap.bco-dmo.org/erddap/tabledap/bcodmo_dataset_3670,False
BCODMO,bcodmo_dataset_963210_v1,[Diel multi 'omics] - Diel multi 'omics data from surface ocean microbial community samples collected during Hawai\u02bb,1,37.0,2020-12-23,2021-08-20,0.7,chla,,Salinity,,,21.43688,21.4829,-157.8033,-157.7663,https://erddap.bco-dmo.org/erddap/tabledap/bcodmo_dataset_963210_v1,False
BCODMO,bcodmo_dataset_942686_v1,[ISIIS Environmental Data] - Environmental sensor data from an underwater imaging system (ISIIS-3) collected during R/V ,1,6.7,NaT,2023-08-20,,Fluoro,,Salinity,Oxygen,,42.49829,47.12752,-126.1224,-124.0347,https://erddap.bco-dmo.org/erddap/tabledap/bcodmo_dataset_942686_v1,False
BCODMO,bcodmo_dataset_930163_v1,"[K\u0101ne\u02bbohe Bay Time-series - phytoplankton and biogeochemistry] - Biological oceanographic measurements, 16S rR",1,18.0,2017-08-23,2021-06-21,3.8,Prochlorococcus_cells_per_mL,,Salinity_ppt,,,21.43582,21.526,-157.8358,-157.7663,https://erddap.bco-dmo.org/erddap/tabledap/bcodmo_dataset_930163_v1,False
BCODMO,bcodmo_dataset_817214,[Underway Chl] - Particulate chlorophyll data set from samples collected using ship\u2019s surface underway system taken,1,24.0,2016-01-23,2017-01-16,1.0,Chlorophyll,,Salinity,,,43.4996,45.7415,-125.009,-123.9781518,https://erddap.bco-dmo.org/erddap/tabledap/bcodmo_dataset_817214,False
BCODMO,bcodmo_dataset_962418_v1,[Vertical profiles] - Vertical profiles and attenuation coefficients during intense blooms in the Lower York River Estua,1,21.0,2021-08-19,2022-09-01,1.0,Chla_YSI,,Salinity,,,37.228,37.26278,-76.527,-76.398,https://erddap.bco-dmo.org/erddap/tabledap/bcodmo_dataset_962418_v1,False
BCODMO,bcodmo_dataset_937302_v1,[BAIT Bottle Data from Trace-metal CTD Casts] - Concentrations of trace metals and dissolved macronutrients and CTD sens,1,4.7,2019-03-11,2019-11-21,0.7,Chl,,,,,31.177,32.151,-64.815,-63.58,https://erddap.bco-dmo.org/erddap/tabledap/bcodmo_dataset_937302_v1,False
BCODMO,bcodmo_dataset_3670,"[biogeochem_microbes] - Algae, bacteria, DOC, inorganic and organic nutrients collected from the Richard B Gump Research",1,10.0,2010-09-09,2011-09-14,1.0,prochloro,,,,,-17.58794,-17.46267,-149.88848,-149.82165,https://erddap.bco-dmo.org/erddap/tabledap/bcodmo_dataset_3670,False
UAF,WQB-04,"PacIOOS Water Quality Buoy 04: Hilo Bay, Big Island, Hawaii",1,15.0,2010-10-23,2026-08-13,15.8,chlorophyll,,salinity,oxygen,station_name,19.7341,19.7341,-155.082,-155.082,https://upwell.pfeg.noaa.gov/erddap/tabledap/WQB-04,False
UAF,WQB-05,"PacIOOS Water Quality Buoy 05: Pelekane Bay, Big Island, Hawaii",1,15.0,2018-03-10,2025-07-22,7.4,chlorophyll,,salinity,oxygen,station_name,20.02415,20.02415,-155.8285,-155.8285,https://upwell.pfeg.noaa.gov/erddap/tabledap/WQB-05,False
UAF,NSS-WQSPP-008,"PacIOOS Water Quality Sensor Partnership Program 008: Maalaea Harbor, Maui, Hawaii",1,5.0,2020-08-18,2021-09-10,1.1,chlorophyll,,salinity,,station_name,20.79022,20.7919,-156.5136,-156.5108,https://upwell.pfeg.noaa.gov/erddap/tabledap/NSS-WQSPP-008,False
EMSO ERIC,smartbay_obs_hour_mean,SmartBay Observatory Combined Sensor Dataset - 1 hour average (August 2015 - Present),1,60.0,NaT,2023-05-08,,chl_nominal,,ctd_idronaut_salinity,ctd_idronaut_oxygen_conc_mgl,midgid,,,,,http://erddap.emso.eu/erddap/tabledap/smartbay_obs_hour_mean,False
EMSO ERIC,smartbay_obs_15min_mean,SmartBay Observatory Combined Sensor Dataset - 15 minute average (August 2015 - Present),1,15.0,NaT,2023-05-08,,chl_nominal,,ctd_idronaut_salinity,ctd_idronaut_oxygen_conc_mgl,midgid,,,,,http://erddap.emso.eu/erddap/tabledap/smartbay_obs_15min_mean,False
EMSO ERIC,smartbay_obs_fluorometer_ecofl,SmartBay Observatory Fluorometer Data (Processed),1,1.0,NaT,2021-12-13,,WL_ECO_FLNTU_3137,,,,midgid,,,,,http://erddap.emso.eu/erddap/tabledap/smartbay_obs_fluorometer_ecofl,False
PMEL,pmel_co2_moorings_939b_fc25_57be,BTM NOAA Surface Ocean CO2 and Ocean Acidification Mooring Time Series,1,60.0,2005-10-22,2007-10-01,1.9,CHL,,SSS,DOXY,station_id,31.5,31.5,-64.2,-64.2,https://data.pmel.noaa.gov/pmel/erddap/tabledap/pmel_co2_moorings_939b_fc25_57be,False
NERACOOS,NDBC_NERRS_NAQR1_WQ,NDBC NERRS NAQR1,1,15.0,2025-10-22,2026-09-05,0.9,chlorophyll_concentration_in_sea_water,,sea_water_salinity,fractional_saturation_of_oxygen_in_sea_water,,41.578,41.578,-71.321,-71.321,https://data.neracoos.org/erddap/tabledap/NDBC_NERRS_NAQR1_WQ,True
NERACOOS,NDBC_NERRS_WAQM3_WQ,NDBC NERRS WAQM3,1,15.0,2025-09-18,2026-07-18,0.8,chlorophyll_concentration_in_sea_water,,sea_water_salinity,fractional_saturation_of_oxygen_in_sea_water,,41.552,41.552,-70.549,-70.549,https://data.neracoos.org/erddap/tabledap/NDBC_NERRS_WAQM3_WQ,True
NERACOOS,NDBC_NERRS_WEQM1_WQ,NDBC NERRS WEQM1,1,15.0,2023-09-27,2026-08-19,2.9,chlorophyll_concentration_in_sea_water,,sea_water_salinity,fractional_saturation_of_oxygen_in_sea_water,,43.345,43.345,-70.549,-70.549,https://data.neracoos.org/erddap/tabledap/NDBC_NERRS_WEQM1_WQ,True
PMEL,ecofoci_prawler_m2_2021,"EcoFOCI Prawler data at M2, 2021",1,60.0,2021-05-05,2022-01-26,0.7,chlor_fluorescence,,salinity,oxy_percentsat,platform_name,56.86343333333333,56.86343333333333,-164.06366666666668,-164.06366666666668,https://data.pmel.noaa.gov/pmel/erddap/tabledap/ecofoci_prawler_m2_2021,False
PMEL,global_dms_database,Global DMS Database,1,60.0,1972-03-11,2019-04-14,47.1,chl,,SAL,,,-78.652,90.0,-180.0,180.697,https://data.pmel.noaa.gov/pmel/erddap/tabledap/global_dms_database,False
NERACOOS,UNH_WBD,UNH Appledore Island CO2 Buoy,1,10.0,2006-01-01,2026-07-11,20.5,chlorophyll,,salinity,oxygen,platform,42.93058,43.07235,-70.71361,1.00568e+26,https://data.neracoos.org/erddap/tabledap/UNH_WBD,False
NERACOOS,UNH_GBB,UNH Great Bay Buoy,1,16.9,2022-05-10,2026-09-05,4.3,chlorophyll,,salinity,oxygen,platform,43.0715,43.0715,70.8678,70.8678,https://data.neracoos.org/erddap/tabledap/UNH_GBB,False
NERACOOS,URI_CP_Exo_Bottom,"URI Conimicut Point, Bottom Exo",1,15.0,2025-05-15,2026-09-01,1.3,Chlorophyll,,Salinity,dissolvedOxygenSaturated,Station,41.70021,41.70021,-71.3335,-71.3335,https://data.neracoos.org/erddap/tabledap/URI_CP_Exo_Bottom,False
NERACOOS,URI_CP_Exo_Top,"URI Conimicut Point, Surface Exo",1,15.0,2025-05-15,2026-09-05,1.3,Chlorophyll,,Salinity,dissolvedOxygenSaturated,Station,41.70021,41.70021,-71.3335,-71.3335,https://data.neracoos.org/erddap/tabledap/URI_CP_Exo_Top,False
NERACOOS,URI_GSO_Dock_Exo_Top,"URI GSO Dock, Surface Exo",1,15.0,2025-01-28,2026-09-05,1.6,Chlorophyll,,Salinity,dissolvedOxygenSaturated,Station,41.49216,41.49216,-71.37119,-71.37119,https://data.neracoos.org/erddap/tabledap/URI_GSO_Dock_Exo_Top,False
NERACOOS,URI_MV_Exo_Bottom,"URI Mount View, Bottom Sonde",1,15.0,2024-05-22,2026-09-05,2.3,Chlorophyll,,Salinity,dissolvedOxygenSaturated,Station,41.63825,41.63825,-71.38382,-71.38382,https://data.neracoos.org/erddap/tabledap/URI_MV_Exo_Bottom,False
NERACOOS,URI_MV_Exo_Top,"URI Mount View, Surface Sonde",1,15.0,2024-05-22,2026-09-05,2.3,Chlorophyll,,Salinity,dissolvedOxygenSaturated,Station,41.63825,41.63825,-71.38382,-71.38382,https://data.neracoos.org/erddap/tabledap/URI_MV_Exo_Top,False
NERACOOS,URI_NP_Exo_Bottom,"URI North Prudence, Bottom Exo",1,15.0,2025-05-19,2026-09-04,1.3,Chlorophyll,,Salinity,dissolvedOxygenSaturated,Station,41.667,41.667,-71.356,-71.356,https://data.neracoos.org/erddap/tabledap/URI_NP_Exo_Bottom,False
NERACOOS,URI_NP_Exo_Top,"URI North Prudence, Surface Exo",1,15.0,2025-05-19,2026-09-04,1.3,Chlorophyll,,Salinity,dissolvedOxygenSaturated,Station,41.667,41.667,-71.356,-71.356,https://data.neracoos.org/erddap/tabledap/URI_NP_Exo_Top,False
NERACOOS,URI_PP_Exo_Bottom,"URI Poppasquash Point, Bottom Exo",1,15.0,2025-05-16,2026-09-04,1.3,Chlorophyll,,Salinity,dissolvedOxygenSaturated,Station,41.6336,41.6336,-71.31669,-71.31669,https://data.neracoos.org/erddap/tabledap/URI_PP_Exo_Bottom,False
NERACOOS,URI_PP_Exo_Top,"URI Poppasquash Point, Surface Exo",1,15.0,2025-05-14,2026-09-04,1.3,Chlorophyll,,Salinity,dissolvedOxygenSaturated,Station,41.6336,41.6336,-71.31669,-71.31669,https://data.neracoos.org/erddap/tabledap/URI_PP_Exo_Top,False
NERACOOS,URI_QP_Exo_Top,"URI Quonset Point, Surface Sonde",1,15.0,2020-07-30,2026-09-05,6.1,Chlorophyll,,Salinity,dissolvedOxygenSaturated,Station,41.5875,41.5875,-71.37992,-71.37992,https://data.neracoos.org/erddap/tabledap/URI_QP_Exo_Top,False
PMEL,EcoFOCI_Bering_Sea_timeseries_data,"PMEL EcoFOCI Bering Sea, M2 time series, 2010-2017",15,10.0,2010-10-05,2017-04-16,6.5,ocean_chlorophyll_a_concentration_factoryCal,,ocean_practical_salinity_1,ocean_dissolved_oxygen_concentration_1_mMperkg,id,56.8633,56.8796,-164.0663,-164.0506,https://data.pmel.noaa.gov/pmel/erddap/tabledap/EcoFOCI_Bering_Sea_timeseries_data,False
PacIOOS,nss_001,"PacIOOS Nearshore Sensor 001: Waikiki Yacht Club, Oahu, Hawaii",1,4.0,2008-08-15,2013-03-23,4.6,chlorophyll,,salinity,,station_name,21.28786,21.28786,-157.8407,-157.8407,https://pae-paha.pacioos.hawaii.edu/erddap/tabledap/nss_001,False
PacIOOS,nss_002,"PacIOOS Nearshore Sensor 002: Hawaii Yacht Club, Oahu, Hawaii",1,4.0,2008-07-29,2026-09-03,18.1,chlorophyll,,salinity,,station_name,21.28641,21.28641,-157.8428,-157.8428,https://pae-paha.pacioos.hawaii.edu/erddap/tabledap/nss_002,False
PacIOOS,nss_005,"PacIOOS Nearshore Sensor 005: Pago Pago, Tutuila, American Samoa",1,4.0,2010-06-09,2026-08-13,16.2,chlorophyll,,salinity,,station_name,-14.27659,-14.27659,-170.6908,-170.6908,https://pae-paha.pacioos.hawaii.edu/erddap/tabledap/nss_005,False
PacIOOS,nss_006,"PacIOOS Nearshore Sensor 006: Pohnpei, FSM",1,4.0,2010-05-07,2023-12-10,13.6,chlorophyll,,salinity,,station_name,6.9551,6.957,158.2225,158.2242,https://pae-paha.pacioos.hawaii.edu/erddap/tabledap/nss_006,False
PacIOOS,nss_007,"PacIOOS Nearshore Sensor 007: Majuro, Marshall Islands",1,4.0,2010-05-01,2026-04-11,15.9,chlorophyll,,salinity,,station_name,7.10599,7.10599,171.3728,171.3728,https://pae-paha.pacioos.hawaii.edu/erddap/tabledap/nss_007,False
PacIOOS,nss_008,"PacIOOS Nearshore Sensor 008: Koror, Palau",1,4.0,2010-05-24,2014-05-26,4.0,chlorophyll,,salinity,,station_name,7.3384,7.3384,134.4657,134.4657,https://pae-paha.pacioos.hawaii.edu/erddap/tabledap/nss_008,False
NOC-BODC Linked Systems,samples_cobs_20200901,Liverpool Bay Coastal Observatory Discrete Water Sample Data Set,1,21.0,2002-08-07,2011-11-09,9.3,CPHLFLP1,,PSALBSTX,,,53.31927,53.8682,-3.99423,-3.023,https://linkedsystems.uk/erddap/tabledap/samples_cobs_20200901,False
PacIOOS,nss_009,"PacIOOS Nearshore Sensor 009: Cetti Bay, Guam",1,4.0,2010-05-20,2011-01-31,0.7,chlorophyll,,salinity,,station_name,13.31522,13.31522,144.657,144.657,https://pae-paha.pacioos.hawaii.edu/erddap/tabledap/nss_009,False
PacIOOS,nss_010,"PacIOOS Nearshore Sensor 010: Maunalua Bay, Oahu, Hawaii",1,4.0,2011-05-31,2026-09-03,15.3,chlorophyll,,salinity,,station_name,21.28009,21.28009,-157.711,-157.711,https://pae-paha.pacioos.hawaii.edu/erddap/tabledap/nss_010,False
PacIOOS,nss_011,"PacIOOS Nearshore Sensor 011: Laolao Bay, Saipan, CNMI",1,6.0,2011-08-27,2013-08-02,1.9,chlorophyll,,salinity,,station_name,15.15677,15.15677,145.7696,145.7696,https://pae-paha.pacioos.hawaii.edu/erddap/tabledap/nss_011,False
PacIOOS,nss_012,"PacIOOS Nearshore Sensor 012: Kalama Beach Park, Maui, Hawaii",1,4.0,2014-07-19,2026-01-05,11.5,chlorophyll,,salinity,oxygen,station_name,20.73121,20.73121,-156.455,-156.455,https://pae-paha.pacioos.hawaii.edu/erddap/tabledap/nss_012,False
PacIOOS,nss_013,"PacIOOS Nearshore Sensor 013: Kahului, Maui, Hawaii",1,10.0,2014-02-05,2016-04-19,2.2,chlorophyll,,salinity,oxygen,station_name,20.89491,20.89491,-156.469,-156.469,https://pae-paha.pacioos.hawaii.edu/erddap/tabledap/nss_013,False
PacIOOS,nss_015,"PacIOOS Nearshore Sensor 015: Pago Bay, Guam",1,4.0,2012-07-07,2026-04-20,13.8,chlorophyll,,salinity,,station_name,13.42059,13.42081,144.7859,144.786,https://pae-paha.pacioos.hawaii.edu/erddap/tabledap/nss_015,False
PacIOOS,nss_016,"PacIOOS Nearshore Sensor 016: Wailupe, Oahu, Hawaii",1,4.0,2014-01-15,2017-04-30,3.3,chlorophyll,,salinity,,station_name,21.2735,21.2735,-157.757,-157.757,https://pae-paha.pacioos.hawaii.edu/erddap/tabledap/nss_016,False
PacIOOS,nss_cwb_001,"PacIOOS Nearshore Sensor Clean Water Branch 001: Waialae, Oahu, Hawaii",1,4.0,2019-08-06,2020-07-22,1.0,chlorophyll,,salinity,,station_name,21.2638,21.2638,-157.7635,-157.7635,https://pae-paha.pacioos.hawaii.edu/erddap/tabledap/nss_cwb_001,False
PacIOOS,nss_cwb_002,"PacIOOS Nearshore Sensor Clean Water Branch 002: Kawaikui Beach Park, Oahu, Hawaii",1,4.0,2019-08-05,2020-07-12,0.9,chlorophyll,,salinity,,station_name,21.27586,21.27586,-157.7474,-157.7474,https://pae-paha.pacioos.hawaii.edu/erddap/tabledap/nss_cwb_002,False
PacIOOS,nss_cwb_003,"PacIOOS Nearshore Sensor Clean Water Branch 003: Hawaii Kai Boat Channel, Oahu, Hawaii",1,4.0,2019-08-06,2020-06-21,0.9,chlorophyll,,salinity,,station_name,21.27516,21.27516,-157.7148,-157.7148,https://pae-paha.pacioos.hawaii.edu/erddap/tabledap/nss_cwb_003,False
PacIOOS,nss_cwb_004,"PacIOOS Nearshore Sensor Clean Water Branch 004: Keehi Lagoon, Oahu, Hawaii",1,6.0,2021-09-07,2022-09-11,1.0,chlorophyll,,salinity,,station_name,21.32982,21.33046,-157.8942,-157.8933,https://pae-paha.pacioos.hawaii.edu/erddap/tabledap/nss_cwb_004,False
PacIOOS,wqb_04,"PacIOOS Water Quality Buoy 04: Hilo Bay, Big Island, Hawaii",1,15.0,2010-10-23,2026-08-13,15.8,chlorophyll,,salinity,oxygen,station_name,19.7341,19.7341,-155.082,-155.082,https://pae-paha.pacioos.hawaii.edu/erddap/tabledap/wqb_04,False
PacIOOS,wqb_05,"PacIOOS Water Quality Buoy 05: Pelekane Bay, Big Island, Hawaii",1,15.0,2018-03-10,2025-07-22,7.4,chlorophyll,,salinity,oxygen,station_name,20.02415,20.02415,-155.8285,-155.8285,https://pae-paha.pacioos.hawaii.edu/erddap/tabledap/wqb_05,False
PacIOOS,nss_wqspp_002,"PacIOOS Water Quality Sensor Partnership Program 002: Kephara, Pohnpei, FSM",1,60.0,2015-11-22,2017-06-18,1.6,chlorophyll,,salinity,,station_name,6.8054,6.8054,158.1129,158.1129,https://pae-paha.pacioos.hawaii.edu/erddap/tabledap/nss_wqspp_002,False
PacIOOS,nss_wqspp_003,PacIOOS Water Quality Sensor Partnership Program 003: Palmyra Atoll,1,7.0,2017-10-02,2018-10-04,1.0,chlorophyll,,salinity,,station_name,5.871,5.871,-162.1103,-162.1103,https://pae-paha.pacioos.hawaii.edu/erddap/tabledap/nss_wqspp_003,False
PacIOOS,nss_wqspp_004,"PacIOOS Water Quality Sensor Partnership Program 004: Kewalo Basin, Oahu, Hawaii",1,4.0,2017-08-31,2019-05-03,1.7,chlorophyll,,salinity,,station_name,21.2909,21.2909,-157.8606,-157.8606,https://pae-paha.pacioos.hawaii.edu/erddap/tabledap/nss_wqspp_004,False
PacIOOS,nss_wqspp_005,"PacIOOS Water Quality Sensor Partnership Program 005: Kahala, Oahu, Hawaii",1,4.0,2018-09-15,2020-01-31,1.4,chlorophyll,,salinity,,station_name,21.2682,21.2682,-157.7767,-157.7767,https://pae-paha.pacioos.hawaii.edu/erddap/tabledap/nss_wqspp_005,False
PacIOOS,nss_wqspp_006,"PacIOOS Water Quality Sensor Partnership Program 006: Ngaremlengui, Babeldaob, Palau",1,10.0,2019-12-18,2020-11-06,0.9,chlorophyll,,salinity,,station_name,7.5228,7.5228,134.5014,134.5014,https://pae-paha.pacioos.hawaii.edu/erddap/tabledap/nss_wqspp_006,False
PacIOOS,nss_wqspp_007,"PacIOOS Water Quality Sensor Partnership Program 007: Dausokele Estuary, Pohnpei, FSM",1,8.0,2018-12-14,2021-03-17,2.3,chlorophyll,,salinity,,station_name,6.98661,6.98661,158.221,158.221,https://pae-paha.pacioos.hawaii.edu/erddap/tabledap/nss_wqspp_007,False
PacIOOS,nss_wqspp_008,"PacIOOS Water Quality Sensor Partnership Program 008: Maalaea Harbor, Maui, Hawaii",1,5.0,2020-08-18,2021-09-10,1.1,chlorophyll,,salinity,,station_name,20.79022,20.7919,-156.5136,-156.5108,https://pae-paha.pacioos.hawaii.edu/erddap/tabledap/nss_wqspp_008,False
PacIOOS,nss_wqspp_009,"PacIOOS Water Quality Sensor Partnership Program 009: Nomilo Fishpond, Kauai, Hawaii",1,15.0,2021-09-22,2022-07-12,0.8,chlorophyll,,salinity,,station_name,21.88473,21.88768,-159.5284,-159.5266,https://pae-paha.pacioos.hawaii.edu/erddap/tabledap/nss_wqspp_009,False
Hakai,HakaiKCBuoy1hour,"Surface Seawater and Marine Boundary Layer CO2 Time Series from the Kwakshua Channel (KC) Buoy, Central Coast, BC, Canad",1,60.0,NaT,2026-09-05,,Fluorometer,,WaterSalinity,Oxygen_Concentration,station,51.6499,51.6499,-127.9663,-127.9663,https://catalogue.hakai.org/erddap/tabledap/HakaiKCBuoy1hour,False
BCODMO,bcodmo_dataset_942686_v1,[ISIIS Environmental Data] - Environmental sensor data from an underwater imaging system (ISIIS-3) collected during R/V ,1,6.7,NaT,2023-08-20,,Fluoro,,Salinity,Oxygen,,42.49829,47.12752,-126.1224,-124.0347,https://erddap.bco-dmo.org/erddap/tabledap/bcodmo_dataset_942686_v1,False
BCODMO,bcodmo_dataset_930163_v1,"[K\u0101ne\u02bbohe Bay Time-series - phytoplankton and biogeochemistry] - Biological oceanographic measurements, 16S rR",1,18.0,2017-08-23,2021-06-21,3.8,Prochlorococcus_cells_per_mL,,Salinity_ppt,,,21.43582,21.526,-157.8358,-157.7663,https://erddap.bco-dmo.org/erddap/tabledap/bcodmo_dataset_930163_v1,False
BCODMO,bcodmo_dataset_817214,[Underway Chl] - Particulate chlorophyll data set from samples collected using ship\u2019s surface underway system taken,1,24.0,2016-01-23,2017-01-16,1.0,Chlorophyll,,Salinity,,,43.4996,45.7415,-125.009,-123.9781518,https://erddap.bco-dmo.org/erddap/tabledap/bcodmo_dataset_817214,False
BCODMO,bcodmo_dataset_962418_v1,[Vertical profiles] - Vertical profiles and attenuation coefficients during intense blooms in the Lower York River Estua,1,21.0,2021-08-19,2022-09-01,1.0,Chla_YSI,,Salinity,,,37.228,37.26278,-76.527,-76.398,https://erddap.bco-dmo.org/erddap/tabledap/bcodmo_dataset_962418_v1,False
ONC,scalar_117371,Barkley Canyon Mid-East Fluorometer Turbidity Deployed 2009-09-10 | Barkley Canyon Mid-East Fluorim\u00e8tre et Turbidit,1,1.0,2009-09-10,2010-05-10,0.7,chlorophyll,,,,timeseries_id,48.314925,48.314925,-126.0580216667,-126.0580216667,http://dap.onc.uvic.ca/erddap/tabledap/scalar_117371,False
ONC,scalar_117688,Barkley Canyon Mid-East Fluorometer Turbidity Deployed 2010-05-16 | Barkley Canyon Mid-East Fluorim\u00e8tre et Turbidit,1,1.0,2010-05-16,2011-07-15,1.2,chlorophyll,,,,timeseries_id,48.3149116667,48.3149116667,-126.0580083333,-126.0580083333,http://dap.onc.uvic.ca/erddap/tabledap/scalar_117688,False
ONC,scalar_118187,Barkley Canyon Mid-East Fluorometer Turbidity Deployed 2011-07-16 | Barkley Canyon Mid-East Fluorim\u00e8tre et Turbidit,1,1.0,2011-07-16,2012-06-01,0.9,chlorophyll,,,,timeseries_id,48.3148716667,48.3148716667,-126.0580066667,-126.0580066667,http://dap.onc.uvic.ca/erddap/tabledap/scalar_118187,False
ONC,scalar_1189342,Barkley Canyon Mid-East Fluorometer Turbidity Deployed 2013-05-17 | Barkley Canyon Mid-East Fluorim\u00e8tre et Turbidit,1,1.0,2013-05-17,2014-05-12,1.0,chlorophyll,,,,timeseries_id,48.314913,48.314913,-126.058465,-126.058465,http://dap.onc.uvic.ca/erddap/tabledap/scalar_1189342,False
ONC,scalar_1211296,Cascadia Seaweed Burrough Point Farm Fluorometer Deployed 2022-03-08 | Ferme Burrough Point de Cascadia Seaweed Fluorim\,1,20.0,2022-03-08,2023-06-25,1.3,chlorophyll,,,,timeseries_id,48.9747333,48.9747333,-124.99635,-124.99635,http://dap.onc.uvic.ca/erddap/tabledap/scalar_1211296,False
ONC,scalar_1211301,Cascadia Seaweed Burrough Point Reference Site Fluorometer Deployed 2022-03-08 | Site de r\u00e9f\u00e9rence de Cascadia,1,20.0,2022-03-08,2023-06-25,1.3,chlorophyll,,,,timeseries_id,48.9688889,48.9688889,-124.9988889,-124.9988889,http://dap.onc.uvic.ca/erddap/tabledap/scalar_1211301,False
ONC,scalar_1211291,Cascadia Seaweed Cormorant Reference Site Fluorometer Deployed 2022-03-07 | Site de r\u00e9f\u00e9rence Cormorant de Cas,1,20.0,2022-03-07,2023-06-22,1.3,chlorophyll,,,,timeseries_id,49.2622222,49.2622222,-125.9222222,-125.9222222,http://dap.onc.uvic.ca/erddap/tabledap/scalar_1211291,False
EMODnet Physics,ARICE_Amundsen_MVP_v1,Moving Vessel Profiling (MVP) data collected by the CCGS Amundsen in the Canadian Arctic,1,4.9,2004-06-20,2016-09-15,12.2,FLU2,,PSAL,DOX1,,48.1927,81.2281,-167.4938,-55.8619,https://erddap.emodnet-physics.eu/erddap/tabledap/ARICE_Amundsen_MVP_v1,False
ONC,scalar_1190262,Fraser River Delta Upper Slope Fluorometer Turbidity Deployed 2014-03-08 | Fraser River Delta Upper Slope Fluorim\u00e8t,1,1.0,2014-03-08,2014-09-20,0.5,chlorophyll,,,,timeseries_id,49.085085,49.085085,-123.329758333,-123.329758333,http://dap.onc.uvic.ca/erddap/tabledap/scalar_1190262,False
ONC,scalar_1190263,Fraser River Delta Upper Slope Fluorometer Turbidity Deployed 2014-03-08 | Fraser River Delta Upper Slope Fluorim\u00e8t,1,1.0,2014-03-08,2014-09-20,0.5,chlorophyll,,,,timeseries_id,49.085085,49.085085,-123.329758333,-123.329758333,http://dap.onc.uvic.ca/erddap/tabledap/scalar_1190263,False
ONC,scalar_1200766,Gascoyne Inlet Fluorometer Deployed 2018-08-01 | Gascoyne Inlet Fluorim\u00e8tre d\u00e9ploy\u00e9 2018-08-01,1,30.0,2018-08-01,2019-08-16,1.0,chlorophyll,,,,timeseries_id,74.65989,74.65989,-91.31075,-91.31075,http://dap.onc.uvic.ca/erddap/tabledap/scalar_1200766,False
EMODnet Physics,ARICE_Amundsen_TSG_V1,TSG data collected by the CCGS Amundsen in the Canadian Arctic,1,1.0,2005-09-16,2016-08-23,10.9,FLU2,,PSAL,,,0.0,81.48318,-172.57706,0.0,https://erddap.emodnet-physics.eu/erddap/tabledap/ARICE_Amundsen_TSG_V1,False
ONC,scalar_22725,Strait of Georgia East Fluorometer Turbidity Deployed 2008-02-29 | Strait of Georgia East Fluorim\u00e8tre et Turbidit\u,1,1.0,2008-02-29,2008-09-25,0.6,chlorophyll,,,,timeseries_id,49.0911916667,49.0911916667,-123.3191566667,-123.3191566667,http://dap.onc.uvic.ca/erddap/tabledap/scalar_22725,False
ONC,scalar_1210083,Wally Land Fluorometer Turbidity Deployed 2021-08-18 | Wally Land Fluorim\u00e8tre et Turbidit\u00e9 d\u00e9ploy\u00e9 2,1,1.0,2021-08-18,2022-05-26,0.8,chlorophyll,,,,timeseries_id,48.31189718,48.31189718,-126.06571489,-126.06571489,http://dap.onc.uvic.ca/erddap/tabledap/scalar_1210083,False
MII,IMINewportBuoys,AWQMS Feeagh,1,2.0,NaT,2025-08-27,,chlorophyll_a,,sonde_salinity,sonde_DO_mgl,station_name,53.949366,53.949366,-9.577292,-9.577292,https://erddap.marine.ie/erddap/tabledap/IMINewportBuoys,False
MII,sentinel_lehanagh,Lehanagh Sentinel Site Met-Ocean Buoy - NRT Data - all sensors (2024 - present),1,10.0,NaT,2026-09-05,,EXO2_Chlorophyll_ug,,EXO2_Salinity,EXO2_RDO_Saturation,midgid,,,,,https://erddap.marine.ie/erddap/tabledap/sentinel_lehanagh,False
MII,compass_mace_head,Mace Head Sentinel Site Met-Ocean Buoy - NRT Data - all sensors (2018 - present),1,10.0,NaT,2026-09-05,,scufa_raw_fluorescence,,sbe_salinity_avg,sbe_do_avg,midgid,,,,,https://erddap.marine.ie/erddap/tabledap/compass_mace_head,False
MII,smartbay_obs_hour_mean,SmartBay Observatory Combined Sensor Dataset - 1 hour average (August 2015 - Present),1,60.0,NaT,2023-05-08,,chl_nominal,,ctd_idronaut_salinity,ctd_idronaut_oxygen_conc_mgl,midgid,,,,,https://erddap.marine.ie/erddap/tabledap/smartbay_obs_hour_mean,False
MII,smartbay_obs_15min_mean,SmartBay Observatory Combined Sensor Dataset - 15 minute average (August 2015 - Present),1,15.0,NaT,2023-05-08,,chl_nominal,,ctd_idronaut_salinity,ctd_idronaut_oxygen_conc_mgl,midgid,,,,,https://erddap.marine.ie/erddap/tabledap/smartbay_obs_15min_mean,False
IOOS-Sensors,2nd-avenue-pier,2nd Avenue Pier,1,15.0,2015-07-31,2020-07-05,4.9,mass_concentration_of_chlorophyll_in_sea_water_bottom,,sea_water_practical_salinity_bottom,mass_concentration_of_oxygen_in_sea_water_bottom,station,33.682793,33.682793,-78.884148,-78.884148,https://erddap.sensors.ioos.us/erddap/tabledap/2nd-avenue-pier,False
IOOS-Sensors,gov-ndbc-41051,"41051 - South of St. Thomas, VI",1,10.0,2015-01-01,2016-08-12,1.6,mass_concentration_of_chlorophyll_in_sea_water,,sea_water_practical_salinity,mass_concentration_of_oxygen_in_sea_water,station,18.257,18.257,-65.004,-65.004,https://erddap.sensors.ioos.us/erddap/tabledap/gov-ndbc-41051,False
IOOS-Sensors,gov-ndbc-41057,"41057 - Puerto Plata, DO",1,10.0,2016-08-02,2018-01-27,1.5,mass_concentration_of_chlorophyll_in_sea_water,,sea_water_practical_salinity,,station,19.833,19.833,-70.731,-70.731,https://erddap.sensors.ioos.us/erddap/tabledap/gov-ndbc-41057,False
IOOS-Sensors,gov-ndbc-42088,"42088 - Angel Reef, TT",1,10.0,2016-05-20,2018-01-15,1.7,mass_concentration_of_chlorophyll_in_sea_water,,sea_water_practical_salinity,,station,11.301,11.301,-60.521,-60.521,https://erddap.sensors.ioos.us/erddap/tabledap/gov-ndbc-42088,False
IOOS-Sensors,gov-ndbc-42090,"42090 - Catuan Wreck, Boca Chica, DR",1,20.0,2016-08-02,2017-11-24,1.3,mass_concentration_of_chlorophyll_in_sea_water,,sea_water_practical_salinity,,station,18.432,18.432,-69.58,-69.58,https://erddap.sensors.ioos.us/erddap/tabledap/gov-ndbc-42090,False
IOOS-Sensors,gov-ndbc-44069,44069 - Great South Bay,1,15.0,2016-04-01,2026-09-05,10.4,mass_concentration_of_chlorophyll_in_sea_water,,sea_water_practical_salinity,,station,40.699,40.699,-73.087,-73.087,https://erddap.sensors.ioos.us/erddap/tabledap/gov-ndbc-44069,False
IOOS-Sensors,gov-ndbc-45013,"45013 - ATW20 - Atwater Park, WI",1,30.0,2015-05-01,2026-09-05,11.3,mass_concentration_of_chlorophyll_in_sea_water,,,mass_concentration_of_oxygen_in_sea_water,station,43.1,43.1,-87.85,-87.85,https://erddap.sensors.ioos.us/erddap/tabledap/gov-ndbc-45013,False
IOOS-Sensors,gov-ndbc-45014,"45014 - GB17 - South Green Bay, WI",1,30.0,2015-06-07,2026-09-05,11.2,mass_concentration_of_chlorophyll_in_sea_water,,,mass_concentration_of_oxygen_in_sea_water,station,44.794,44.794,-87.758,-87.758,https://erddap.sensors.ioos.us/erddap/tabledap/gov-ndbc-45014,False
IOOS-Sensors,gov-ndbc-45163,"45163 - Saginaw Bay Buoy, MI",1,20.0,2015-06-01,2026-07-14,11.1,mass_concentration_of_chlorophyll_in_sea_water,,,mass_concentration_of_oxygen_in_sea_water,station,43.984,43.984,-83.597,-83.597,https://erddap.sensors.ioos.us/erddap/tabledap/gov-ndbc-45163,False
IOOS-Sensors,gov-ndbc-46120,"46120 - Pt Wells, WA (U of Wash)",1,10.0,2016-01-19,2026-09-05,10.6,mass_concentration_of_chlorophyll_in_sea_water,,sea_water_practical_salinity,mass_concentration_of_oxygen_in_sea_water,station,47.761,47.761,-122.397,-122.397,https://erddap.sensors.ioos.us/erddap/tabledap/gov-ndbc-46120,False
IOOS-Sensors,gov-ndbc-46121,"46121 - Carr Inlet, WA (U of Wash)",1,10.0,2015-01-01,2026-09-05,11.7,mass_concentration_of_chlorophyll_in_sea_water,,sea_water_practical_salinity,mass_concentration_of_oxygen_in_sea_water,station,47.28,47.28,-122.73,-122.73,https://erddap.sensors.ioos.us/erddap/tabledap/gov-ndbc-46121,False
IOOS-Sensors,gov-ndbc-46125,"46125 - Hansville - Hood Canal, WA",1,10.0,2016-01-28,2026-09-05,10.6,mass_concentration_of_chlorophyll_in_sea_water,,sea_water_practical_salinity,mass_concentration_of_oxygen_in_sea_water,station,47.907,47.907,-122.627,-122.627,https://erddap.sensors.ioos.us/erddap/tabledap/gov-ndbc-46125,False
IOOS-Sensors,gov-ndbc-44063,"[SFC Buoy] 44063 - Annapolis, MD",1,6.0,2015-01-01,2026-09-05,11.7,mass_concentration_of_chlorophyll_in_sea_water,,sea_water_practical_salinity,mass_concentration_of_oxygen_in_sea_water,station,38.963,38.963,-76.448,-76.448,https://erddap.sensors.ioos.us/erddap/tabledap/gov-ndbc-44063,False
IOOS-Sensors,cbibs_historic_fl,[SFC Buoy] First Landing (Historic CBIBS),1,10.0,2016-03-15,2016-12-14,0.8,mass_concentration_of_chlorophyll_in_sea_water,,sea_water_practical_salinity,mass_concentration_of_oxygen_in_sea_water,station,36.99817,36.99817,-76.087003,-76.087003,https://erddap.sensors.ioos.us/erddap/tabledap/cbibs_historic_fl,False
IOOS-Sensors,cbibs_historic_j,[SFC Buoy] Jamestown (Historic CBIBS),1,10.0,2016-03-15,2017-01-03,0.8,mass_concentration_of_chlorophyll_in_sea_water,,sea_water_practical_salinity,mass_concentration_of_oxygen_in_sea_water,station,37.204298,37.204298,-76.77743,-76.77743,https://erddap.sensors.ioos.us/erddap/tabledap/cbibs_historic_j,False
IOOS-Sensors,gov-ndbc-44043,"[SFC Buoy] Patapsco, MD (Historic CBIBS)",1,6.0,2015-01-01,2024-12-10,9.9,mass_concentration_of_chlorophyll_in_sea_water,,sea_water_practical_salinity,mass_concentration_of_oxygen_in_sea_water,station,39.152,39.152,-76.391,-76.391,https://erddap.sensors.ioos.us/erddap/tabledap/gov-ndbc-44043,False
IOOS-Sensors,cbibs_historic_s,[SFC Buoy] Susquehanna (Historic CBIBS),1,10.0,2015-11-17,2016-11-28,1.0,mass_concentration_of_chlorophyll_in_sea_water,,sea_water_practical_salinity,mass_concentration_of_oxygen_in_sea_water,station,39.540198,39.540198,-76.07319,-76.07319,https://erddap.sensors.ioos.us/erddap/tabledap/cbibs_historic_s,False
IOOS-Sensors,gov-ndbc-44061,"[SFC Buoy] Upper Potomac, MD (Historic CBIBS)",1,30.0,2015-04-15,2017-08-14,2.3,mass_concentration_of_chlorophyll_in_sea_water,,sea_water_practical_salinity,mass_concentration_of_oxygen_in_sea_water,station,38.788,38.788,-77.036,-77.036,https://erddap.sensors.ioos.us/erddap/tabledap/gov-ndbc-44061,False
IOOS-Sensors,chlora-point,[WCO Buoy] Chlora Point,1,10.0,2024-04-09,2026-09-05,2.4,station,,sea_water_practical_salinity,mass_concentration_of_oxygen_in_sea_water_corrected,station,38.635,38.635,-76.146,-76.146,https://erddap.sensors.ioos.us/erddap/tabledap/chlora-point,False
IOOS-Sensors,apache-pier,Apache Pier,1,15.0,2015-07-09,2026-09-05,11.2,mass_concentration_of_chlorophyll_in_sea_water_bottom,,sea_water_practical_salinity_bottom,mass_concentration_of_oxygen_in_sea_water_bottom,station,33.7615,33.7615,-78.7798,-78.7798,https://erddap.sensors.ioos.us/erddap/tabledap/apache-pier,False
IOOS-Sensors,ism-secoora-apache-pier,Apache Pier,1,15.0,2023-02-17,2026-09-05,3.5,mass_concentration_of_chlorophyll_in_sea_water_bottom,,sea_water_practical_salinity_bottom,mass_concentration_of_oxygen_in_sea_water_bottom,station,33.7615,33.7615,-78.7798,-78.7798,https://erddap.sensors.ioos.us/erddap/tabledap/ism-secoora-apache-pier,False
IOOS-Sensors,com_aquaamerica_leash,Ashtabula Water Intake,1,10.0,2015-12-08,2022-08-15,6.7,mass_concentration_of_chlorophyll_in_sea_water,,,mass_concentration_of_oxygen_in_sea_water,station,41.904,41.904,-80.807,-80.807,https://erddap.sensors.ioos.us/erddap/tabledap/com_aquaamerica_leash,False
IOOS-Sensors,glos_leavon,Avon Lake Pump Station,1,10.0,2015-06-28,2022-08-15,7.1,mass_concentration_of_chlorophyll_in_sea_water,,,mass_concentration_of_oxygen_in_sea_water,station,41.5186,41.5186,-82.012378,-82.012378,https://erddap.sensors.ioos.us/erddap/tabledap/glos_leavon,False
IOOS-Sensors,noaa_nos_co_ops_8728237,"Bald Point, Ochlockonee Bay, FL",1,6.0,2022-06-03,2026-09-08,4.3,station,,,,station,29.9483,29.9483,-84.3417,-84.3417,https://erddap.sensors.ioos.us/erddap/tabledap/noaa_nos_co_ops_8728237,False
IOOS-Sensors,gov_usgs_nwis_07380330,"Bayou Perot at Point Legard near Cutoff, LA (USGS 07380330)",1,15.0,2023-12-15,2026-09-05,2.7,mass_concentration_of_chlorophyll_in_sea_water,,sea_water_practical_salinity,mass_concentration_of_oxygen_in_sea_water,station,29.565778,29.565778,-90.165556,-90.165556,https://erddap.sensors.ioos.us/erddap/tabledap/gov_usgs_nwis_07380330,True
IOOS-Sensors,cdmo_nerrs_bearcove,Bear Cove Water Quality,1,15.0,2015-05-05,2015-11-20,0.5,mass_concentration_of_chlorophyll_in_sea_water,,sea_water_practical_salinity,mass_concentration_of_oxygen_in_sea_water,station,59.7262,59.7262,-151.04865,-151.04865,https://erddap.sensors.ioos.us/erddap/tabledap/cdmo_nerrs_bearcove,True
IOOS-Sensors,ism-aoos-cdmo_nerrs_bearcove,Bear Cove Water Quality,1,15.0,2015-05-05,2015-11-20,0.5,mass_concentration_of_chlorophyll_in_sea_water,,sea_water_practical_salinity,mass_concentration_of_oxygen_in_sea_water,station,59.7262,59.7262,-151.04865,-151.04865,https://erddap.sensors.ioos.us/erddap/tabledap/ism-aoos-cdmo_nerrs_bearcove,True
IOOS-Sensors,raws_wywbec,Bechler Wyoming,1,60.0,2015-05-05,2017-06-05,2.1,station,,,,station,44.15,44.15,-111.046667,-111.046667,https://erddap.sensors.ioos.us/erddap/tabledap/raws_wywbec,False
IOOS-Sensors,biscayne-bay-coastal-wetlands-10,Biscayne Bay Coastal Wetlands 10 (BBSF1),1,30.0,2021-09-29,2025-08-21,3.9,mass_concentration_of_chlorophyll_in_sea_water,,sea_water_practical_salinity,mass_concentration_of_oxygen_in_sea_water,station,25.472151,25.472151,-80.332113,-80.332113,https://erddap.sensors.ioos.us/erddap/tabledap/biscayne-bay-coastal-wetlands-10,False
IOOS-Sensors,ism-secoora-biscayne-bay-coastal,Biscayne Bay Coastal Wetlands 10 (BBSF1),1,30.0,2022-04-22,2025-08-21,3.3,mass_concentration_of_chlorophyll_in_sea_water,,sea_water_practical_salinity,mass_concentration_of_oxygen_in_sea_water,station,25.472151,25.472151,-80.332113,-80.332113,https://erddap.sensors.ioos.us/erddap/tabledap/ism-secoora-biscayne-bay-coastal,False
IOOS-Sensors,biscayne-bay-coastal-wetlands-8-,Biscayne Bay Coastal Wetlands 8 (BBNF1),1,30.0,2021-08-31,2025-08-21,4.0,mass_concentration_of_chlorophyll_in_sea_water,,sea_water_practical_salinity,mass_concentration_of_oxygen_in_sea_water,station,25.601238,25.601238,-80.305771,-80.305771,https://erddap.sensors.ioos.us/erddap/tabledap/biscayne-bay-coastal-wetlands-8-,False
IOOS-Sensors,ism-secoora-biscayne-bay-coastal-1,Biscayne Bay Coastal Wetlands 8 (BBNF1),1,30.0,2022-04-22,2025-08-21,3.3,mass_concentration_of_chlorophyll_in_sea_water,,sea_water_practical_salinity,mass_concentration_of_oxygen_in_sea_water,station,25.601238,25.601238,-80.305771,-80.305771,https://erddap.sensors.ioos.us/erddap/tabledap/ism-secoora-biscayne-bay-coastal-1,False
IOOS-Sensors,bodega-head-intertidal-shore-sta,Bodega Head Intertidal Shore Station,1,10.0,2008-04-08,2015-12-31,7.7,mass_concentration_of_chlorophyll_in_sea_water,,,,station,38.3187,38.3187,-123.0742,-123.0742,https://erddap.sensors.ioos.us/erddap/tabledap/bodega-head-intertidal-shore-sta,False
IOOS-Sensors,bodega-marine-laboratory-bml-,Bodega Marine Laboratory (BML) Buoy,1,7.7,2004-09-17,2026-05-18,21.7,mass_concentration_of_chlorophyll_in_sea_water,,sea_water_practical_salinity,,station,38.311806,38.311806,-123.083028,-123.083028,https://erddap.sensors.ioos.us/erddap/tabledap/bodega-marine-laboratory-bml-,False
IOOS-Sensors,ism-cencoos-bodega-bay-bml_wts,Bodega Marine Laboratory Seawater Intake (NDBC: BDXC1),1,10.0,2021-07-29,2026-06-04,4.8,mass_concentration_of_chlorophyll_in_sea_water,,sea_water_practical_salinity,,station,38.31652,38.31652,-123.0709,-123.0709,https://erddap.sensors.ioos.us/erddap/tabledap/ism-cencoos-bodega-bay-bml_wts,False
IOOS-Sensors,ism-gcoos-disl_bsca,"BSCA - Station Bon Secour, LA",1,60.0,2010-10-01,2026-09-04,15.9,mass_concentration_of_chlorophyll_in_sea_water,,sea_water_practical_salinity,mass_concentration_of_oxygen_in_sea_water,station,30.3288,30.3288,-87.8293,-87.8293,https://erddap.sensors.ioos.us/erddap/tabledap/ism-gcoos-disl_bsca,False
IOOS-Sensors,ism-gcoos-disl_bspa,"BSPA - Battleship Park, AL",1,60.0,2024-09-01,2026-09-05,2.0,mass_concentration_of_chlorophyll_in_sea_water,,sea_water_practical_salinity,mass_concentration_of_oxygen_in_sea_water,station,30.6826,30.6826,-88.0122,-88.0122,https://erddap.sensors.ioos.us/erddap/tabledap/ism-gcoos-disl_bspa,False
IOOS-Sensors,gov_usgs_nwis_07380249,"Caminada Pass NW of Grand Isle, LA (USGS 07380249)",1,15.0,2023-09-01,2026-09-05,3.0,mass_concentration_of_chlorophyll_in_sea_water,,sea_water_practical_salinity,mass_concentration_of_oxygen_in_sea_water,station,29.231361,29.231361,-90.048528,-90.048528,https://erddap.sensors.ioos.us/erddap/tabledap/gov_usgs_nwis_07380249,True
IOOS-Sensors,ism-cencoos-carquinez,Carquinez Pier (NDBC: COUC1),1,15.0,2021-07-29,2024-08-17,3.0,mass_concentration_of_chlorophyll_in_sea_water,,sea_water_practical_salinity,mass_concentration_of_oxygen_in_sea_water,station,38.0657,38.0657,-122.2302,-122.2302,https://erddap.sensors.ioos.us/erddap/tabledap/ism-cencoos-carquinez,False
IOOS-Sensors,tiburon-water-tibc1,CeNCOOS in situ water monitoring data at Romberg Tiburon Center Pier,1,15.0,2008-08-08,2026-09-05,18.1,mass_concentration_of_chlorophyll_in_sea_water,,sea_water_practical_salinity,mass_concentration_of_oxygen_in_sea_water,station,37.8915,37.8915,-122.4467,-122.4467,https://erddap.sensors.ioos.us/erddap/tabledap/tiburon-water-tibc1,False
IOOS-Sensors,edu_ucsc_scwharf1,CeNCOOS in situ Water monitoring data at the Santa Cruz municipal wharf,1,5.0,2013-02-14,2026-08-19,13.5,mass_concentration_of_chlorophyll_in_sea_water,,sea_water_practical_salinity,mass_concentration_of_oxygen_in_sea_water,station,36.9603,36.9603,-122.0203,-122.0203,https://erddap.sensors.ioos.us/erddap/tabledap/edu_ucsc_scwharf1,False
IOOS-Sensors,edu_humboldt_tdp,"CeNCOOS in situ water monitoring data at Trinidad Head, California",1,15.0,2013-02-14,2026-09-05,13.6,mass_concentration_of_chlorophyll_in_sea_water,,sea_water_practical_salinity,mass_concentration_of_oxygen_in_sea_water,station,41.055,41.055,-124.14703,-124.14703,https://erddap.sensors.ioos.us/erddap/tabledap/edu_humboldt_tdp,False
IOOS-Sensors,bodega-bay-bml_wts,CeNCOOS in situ water quality monitoring at Bodega Marine Laboratory seawater intake,1,10.0,2009-03-01,2026-06-04,17.3,mass_concentration_of_chlorophyll_in_sea_water,,sea_water_practical_salinity,,station,38.31652,38.31652,-123.0709,-123.0709,https://erddap.sensors.ioos.us/erddap/tabledap/bodega-bay-bml_wts,False
IOOS-Sensors,carquinez,CeNCOOS in situ water quality monitoring at Carquinez at the California Maritime campus,1,15.0,2008-02-21,2024-08-17,16.5,mass_concentration_of_chlorophyll_in_sea_water,,sea_water_practical_salinity,mass_concentration_of_oxygen_in_sea_water,station,38.0657,38.0657,-122.2302,-122.2302,https://erddap.sensors.ioos.us/erddap/tabledap/carquinez,False
IOOS-Sensors,fort-point,CeNCOOS in situ water quality monitoring at Fort Point Pier,1,6.0,2009-03-01,2023-11-02,14.7,mass_concentration_of_chlorophyll_in_sea_water,,sea_water_practical_salinity,,station,37.80663,37.80663,-122.4662,-122.4662,https://erddap.sensors.ioos.us/erddap/tabledap/fort-point,False
IOOS-Sensors,edu_humboldt_humboldt,CeNCOOS in situ water quality monitoring at Humboldt Bay Pier,1,15.0,2013-02-14,2026-09-05,13.6,mass_concentration_of_chlorophyll_in_sea_water,,sea_water_practical_salinity,mass_concentration_of_oxygen_in_sea_water,station,40.7775,40.7775,-124.19652,-124.19652,https://erddap.sensors.ioos.us/erddap/tabledap/edu_humboldt_humboldt,False
IOOS-Sensors,mlml_monterey,CeNCOOS in situ water quality monitoring at Monterey Bay Commercial Wharf,1,5.0,2013-02-14,2019-11-29,6.8,mass_concentration_of_chlorophyll_in_sea_water,,sea_water_practical_salinity,mass_concentration_of_oxygen_in_sea_water,station,36.60513,36.60513,-121.88935,-121.88935,https://erddap.sensors.ioos.us/erddap/tabledap/mlml_monterey,False
IOOS-Sensors,edu_calpoly_marine_morro,CeNCOOS in situ water quality monitoring at Morro bay,1,10.0,2016-01-01,2026-09-05,10.7,mass_concentration_of_chlorophyll_in_sea_water,,sea_water_practical_salinity,mass_concentration_of_oxygen_in_sea_water,station,35.37085,35.37085,-120.8589,-120.8589,https://erddap.sensors.ioos.us/erddap/tabledap/edu_calpoly_marine_morro,False
IOOS-Sensors,wiyot_tribe_indianisland,CeNCOOS in situ water quality monitoring at Tuluwat (Indian Island),1,15.0,2016-04-01,2020-12-17,4.7,mass_concentration_of_chlorophyll_in_sea_water,,sea_water_practical_salinity,mass_concentration_of_oxygen_in_sea_water,station,40.81503,40.81503,-124.15754,-124.15754,https://erddap.sensors.ioos.us/erddap/tabledap/wiyot_tribe_indianisland,False
IOOS-Sensors,mlml_mlml_sea,CeNCOOS in situ water quality monitoring using the seawater input for Moss Landing Marine Laboratory,1,5.0,2010-09-03,2026-09-05,16.0,fluorescence,,sea_water_practical_salinity,mole_concentration_of_dissolved_molecular_oxygen_in_sea_water,station,36.8025,36.8025,-121.7915,-121.7915,https://erddap.sensors.ioos.us/erddap/tabledap/mlml_mlml_sea,False
IOOS-Sensors,ism-aoos-raws_akachl,Chalkyitsik (raws_akachl),1,60.0,2015-05-05,2017-05-30,2.1,station,,,,station,66.590556,66.590556,-144.341111,-144.341111,https://erddap.sensors.ioos.us/erddap/tabledap/ism-aoos-raws_akachl,False
IOOS-Sensors,nerrs_acechwq,Charleston Harbor,1,15.0,2018-01-01,2018-08-30,0.7,mass_concentration_of_chlorophyll_in_sea_water,,sea_water_practical_salinity,mass_concentration_of_oxygen_in_sea_water,station,32.757326,32.757326,-79.85894,-79.85894,https://erddap.sensors.ioos.us/erddap/tabledap/nerrs_acechwq,True
IOOS-Sensors,cherry-grove-pier,Cherry Grove Pier,1,15.0,2015-07-10,2026-09-05,11.2,mass_concentration_of_chlorophyll_in_sea_water_bottom,,sea_water_practical_salinity_bottom,mass_concentration_of_oxygen_in_sea_water_bottom,station,33.827676,33.827676,-78.632021,-78.632021,https://erddap.sensors.ioos.us/erddap/tabledap/cherry-grove-pier,False
IOOS-Sensors,ism-secoora-cherry-grove-pier,Cherry Grove Pier,1,15.0,2023-11-15,2026-09-05,2.8,mass_concentration_of_chlorophyll_in_sea_water_bottom,,sea_water_practical_salinity_bottom,mass_concentration_of_oxygen_in_sea_water_bottom,station,33.827676,33.827676,-78.632021,-78.632021,https://erddap.sensors.ioos.us/erddap/tabledap/ism-secoora-cherry-grove-pier,False
IOOS-Sensors,chincoteague-1019,CHINCOTEAGUE - 1019,1,7.5,2014-08-13,2015-07-12,0.9,mass_concentration_of_chlorophyll_in_sea_water_10195dexo_a,,sea_water_practical_salinity_10194bmc_a,mass_concentration_of_oxygen_in_sea_water_10195dexo_a,station,37.98096,37.98096,-75.39651,-75.39651,https://erddap.sensors.ioos.us/erddap/tabledap/chincoteague-1019,False
IOOS-Sensors,chincoteague-1020,CHINCOTEAGUE - 1020,1,4.6,2014-08-13,2015-07-12,0.9,mass_concentration_of_chlorophyll_in_sea_water_10203aexo_a,,sea_water_practical_salinity_10203aexo_a,mass_concentration_of_oxygen_in_sea_water_10203aexo_a,station,37.97499,37.97499,-75.34508,-75.34508,https://erddap.sensors.ioos.us/erddap/tabledap/chincoteague-1020,False
IOOS-Sensors,chincoteague-1023,CHINCOTEAGUE - 1023,1,14.0,2014-08-13,2015-07-12,0.9,mass_concentration_of_chlorophyll_in_sea_water_10232aexo_a,,sea_water_practical_salinity_10232aexo_a,mass_concentration_of_oxygen_in_sea_water_10232aexo_a,station,38.09131,38.09131,-75.28327,-75.28327,https://erddap.sensors.ioos.us/erddap/tabledap/chincoteague-1023,False
IOOS-Sensors,chincoteague-1028,CHINCOTEAGUE - 1028,1,14.0,2014-08-14,2015-07-12,0.9,mass_concentration_of_chlorophyll_in_sea_water_10283aexo_a,,sea_water_practical_salinity_10283aexo_a,mass_concentration_of_oxygen_in_sea_water_10283aexo_a,station,38.15846,38.15846,-75.21156,-75.21156,https://erddap.sensors.ioos.us/erddap/tabledap/chincoteague-1028,False
IOOS-Sensors,chincoteague-1029,CHINCOTEAGUE - 1029,1,4.7,2014-08-13,2015-04-21,0.7,mass_concentration_of_chlorophyll_in_sea_water_10292aexo_a,,sea_water_practical_salinity_10292aexo_a,mass_concentration_of_oxygen_in_sea_water_10292aexo_a,station,38.23945,38.23945,-75.21415,-75.21415,https://erddap.sensors.ioos.us/erddap/tabledap/chincoteague-1029,False
IOOS-Sensors,chincoteague-1031,CHINCOTEAGUE - 1031,1,15.0,2014-08-16,2015-07-14,0.9,air_pressure_10311chlm_a,,,,station,38.14824,38.14824,-75.28625,-75.28625,https://erddap.sensors.ioos.us/erddap/tabledap/chincoteague-1031,False
IOOS-Sensors,gov-ndbc-chlv2,"CHLV2 - Chesapeake Light, VA",1,60.0,2015-01-01,2016-06-23,1.5,station,,,,station,36.905,36.905,-75.713,-75.713,https://erddap.sensors.ioos.us/erddap/tabledap/gov-ndbc-chlv2,False
IOOS-Sensors,glos_leelyria,City of Elyria Pump Station,1,10.0,2015-07-21,2022-08-15,7.1,mass_concentration_of_chlorophyll_in_sea_water,,,,station,41.4545,41.4545,-82.2161,-82.2161,https://erddap.sensors.ioos.us/erddap/tabledap/glos_leelyria,False
IOOS-Sensors,glos_crib,City of Toledo Water Intake Crib,1,10.0,2015-05-20,2022-08-15,7.2,mass_concentration_of_chlorophyll_in_sea_water,,,,station,41.67496,41.67496,-83.3079,-83.3079,https://erddap.sensors.ioos.us/erddap/tabledap/glos_crib,False
IOOS-Sensors,clbf1-clb-water-quality-clam-,CLB Water Quality \u2013 Clam Bayou Coastal Station (NDBC: CLBF1),1,12.0,2019-03-01,2020-11-12,1.7,mass_concentration_of_chlorophyll_in_sea_water,,,mass_concentration_of_oxygen_in_sea_water,station,27.736,27.736,-82.686,-82.686,https://erddap.sensors.ioos.us/erddap/tabledap/clbf1-clb-water-quality-clam-,False
IOOS-Sensors,gov_usgs_nwis_01194750,"CONNECTICUT RIVER AT ESSEX, CT (USGS 01194750)",1,5.0,2023-12-15,2026-09-05,2.7,mass_concentration_of_chlorophyll_in_sea_water,,,,station,41.351483,41.351483,-72.384367,-72.384367,https://erddap.sensors.ioos.us/erddap/tabledap/gov_usgs_nwis_01194750,True
IOOS-Sensors,gov_usgs_nwis_01194796,"CONNECTICUT RIVER AT OLD LYME, CT (USGS 01194796)",1,5.0,2023-12-15,2026-09-05,2.7,mass_concentration_of_chlorophyll_in_sea_water,,,mass_concentration_of_oxygen_in_sea_water,station,41.312598,41.312598,-72.345917,-72.345917,https://erddap.sensors.ioos.us/erddap/tabledap/gov_usgs_nwis_01194796,True
IOOS-Sensors,gov_usgs_nwis_01460595,Del & Rar Canal at Landing La at New Brunswick NJ (USGS 01460595),1,15.0,2023-12-15,2026-09-05,2.7,mass_concentration_of_chlorophyll_in_sea_water,,,,station,40.507778,40.507778,-74.464167,-74.464167,https://erddap.sensors.ioos.us/erddap/tabledap/gov_usgs_nwis_01460595,True
IOOS-Sensors,gov_usgs_nwis_07380260,"Empire Waterway south of Empire, LA (USGS 07380260)",1,15.0,2023-12-15,2026-09-05,2.7,mass_concentration_of_chlorophyll_in_sea_water,,sea_water_practical_salinity,mass_concentration_of_oxygen_in_sea_water,station,29.304528,29.304528,-89.597,-89.597,https://erddap.sensors.ioos.us/erddap/tabledap/gov_usgs_nwis_07380260,True
IOOS-Sensors,gov_usgs_nwis_411513072512301,"FARM RIVER AT FARM RIVER MARINA NR EAST HAVEN, CT (USGS 411513072512301)",1,6.0,2023-12-15,2025-04-01,1.3,mass_concentration_of_chlorophyll_in_sea_water,,,mass_concentration_of_oxygen_in_sea_water,station,41.253514,41.253514,-72.856411,-72.856411,https://erddap.sensors.ioos.us/erddap/tabledap/gov_usgs_nwis_411513072512301,True
IOOS-Sensors,gov_usgs_nwis_411626072514501,"FARM RIVER AT THE TROLLY MUSEUM AT EAST HAVEN, CT (USGS 411626072514501)",1,6.0,2023-12-15,2025-04-01,1.3,mass_concentration_of_chlorophyll_in_sea_water,,,mass_concentration_of_oxygen_in_sea_water,station,41.273972,41.273972,-72.862464,-72.862464,https://erddap.sensors.ioos.us/erddap/tabledap/gov_usgs_nwis_411626072514501,True
IOOS-Sensors,gov_usgs_nwis_381142122015801,FIRST MALLARD BRANCH NR FAIRFIELD CA (USGS 381142122015801),1,15.0,2023-12-15,2026-09-05,2.7,mass_concentration_of_chlorophyll_in_sea_water,,sea_water_practical_salinity,mass_concentration_of_oxygen_in_sea_water,station,38.194894,38.194894,-122.032814,-122.032814,https://erddap.sensors.ioos.us/erddap/tabledap/gov_usgs_nwis_381142122015801,True
IOOS-Sensors,ism-cencoos-gov_usgs_nwis_381142,FIRST MALLARD BRANCH NR FAIRFIELD CA (USGS 381142122015801),1,15.0,2023-12-16,2026-09-04,2.7,mass_concentration_of_chlorophyll_in_sea_water,,sea_water_practical_salinity,mass_concentration_of_oxygen_in_sea_water,station,38.194894,38.194894,-122.032814,-122.032814,https://erddap.sensors.ioos.us/erddap/tabledap/ism-cencoos-gov_usgs_nwis_381142,True
IOOS-Sensors,gov_usgs_nwis_01304057,FLAX POND AT OLD FIELD NY (USGS 01304057),1,6.0,2023-12-15,2026-09-05,2.7,mass_concentration_of_chlorophyll_in_sea_water__microg_l,,,mass_concentration_of_oxygen_in_sea_water,station,40.962861,40.962861,-73.143167,-73.143167,https://erddap.sensors.ioos.us/erddap/tabledap/gov_usgs_nwis_01304057,True
IOOS-Sensors,fort-johnson,Fort Johnson,1,15.0,2020-07-22,2026-09-05,6.1,mass_concentration_of_chlorophyll_in_sea_water,,sea_water_practical_salinity,mass_concentration_of_oxygen_in_sea_water,station,32.753327,32.753327,-79.898991,-79.898991,https://erddap.sensors.ioos.us/erddap/tabledap/fort-johnson,False
IOOS-Sensors,ism-secoora-fort-johnson,Fort Johnson,1,15.0,2021-07-29,2026-09-05,5.1,mass_concentration_of_chlorophyll_in_sea_water,,sea_water_practical_salinity,mass_concentration_of_oxygen_in_sea_water,station,32.753327,32.753327,-79.898991,-79.898991,https://erddap.sensors.ioos.us/erddap/tabledap/ism-secoora-fort-johnson,False
IOOS-Sensors,ism-cencoos-fort-point,Fort Point Pier (NDBC: FPXC1),1,6.0,2009-03-01,2023-11-02,14.7,mass_concentration_of_chlorophyll_in_sea_water,,sea_water_practical_salinity,,station,37.80663,37.80663,-122.4662,-122.4662,https://erddap.sensors.ioos.us/erddap/tabledap/ism-cencoos-fort-point,False
IOOS-Sensors,mil_army_usace_frfn7,"FRFN7 - USACE-CHL Field Research Facility, Duck, NC",1,60.0,2016-04-01,2020-07-17,4.3,station,,,,station,36.189,36.189,-75.739,-75.739,https://erddap.sensors.ioos.us/erddap/tabledap/mil_army_usace_frfn7,False
IOOS-Sensors,ism-glos-obs_43,Green Bay buoy (GB17),1,30.0,2021-07-30,2026-09-04,5.1,mass_concentration_of_chlorophyll_in_sea_water,,,mass_concentration_of_oxygen_in_sea_water,station,44.8,44.8,-87.76,-87.76,https://erddap.sensors.ioos.us/erddap/tabledap/ism-glos-obs_43,False
IOOS-Sensors,gov_usgs_nwis_380631122032201,GRIZZLY BAY A SUISUN SLOUGH NR AVON CA (USGS 380631122032201),1,15.0,2023-12-15,2025-10-01,1.8,mass_concentration_of_chlorophyll_in_sea_water,,sea_water_practical_salinity,mass_concentration_of_oxygen_in_sea_water,station,38.108531,38.108531,-122.055981,-122.055981,https://erddap.sensors.ioos.us/erddap/tabledap/gov_usgs_nwis_380631122032201,True
IOOS-Sensors,ism-cencoos-gov_usgs_nwis_380631,GRIZZLY BAY A SUISUN SLOUGH NR AVON CA (USGS 380631122032201),1,15.0,2023-12-16,2025-10-01,1.8,mass_concentration_of_chlorophyll_in_sea_water,,sea_water_practical_salinity,mass_concentration_of_oxygen_in_sea_water,station,38.108531,38.108531,-122.055981,-122.055981,https://erddap.sensors.ioos.us/erddap/tabledap/ism-cencoos-gov_usgs_nwis_380631,True
IOOS-Sensors,gulf-of-alaska-ecosystem-obse-1,Gulf of Alaska Ecosystem Observatory GEO3,1,30.0,2019-07-11,2021-09-22,2.2,mass_concentration_of_chlorophyll_in_sea_water,,sea_water_practical_salinity,,station,59.0165,59.0165,-148.6966,-148.6966,https://erddap.sensors.ioos.us/erddap/tabledap/gulf-of-alaska-ecosystem-obse-1,False
IOOS-Sensors,gulf-star-marina,Gulf Star Marina,1,10.0,2023-07-01,2026-09-05,3.2,mass_concentration_of_chlorophyll_in_sea_water,,sea_water_practical_salinity,mass_concentration_of_oxygen_in_sea_water,station,26.4595,26.4595,-81.9518,-81.9518,https://erddap.sensors.ioos.us/erddap/tabledap/gulf-star-marina,False
IOOS-Sensors,ism-secoora-gulf-star-marina,Gulf Star Marina,1,10.0,2023-08-08,2026-09-05,3.1,mass_concentration_of_chlorophyll_in_sea_water,,sea_water_practical_salinity,mass_concentration_of_oxygen_in_sea_water,station,26.4595,26.4595,-81.9518,-81.9518,https://erddap.sensors.ioos.us/erddap/tabledap/ism-secoora-gulf-star-marina,False
IOOS-Sensors,gov_usgs_nwis_073802512,"Hackberry Bay NW of Grand Isle, LA (USGS 073802512)",1,15.0,2023-12-15,2026-09-05,2.7,mass_concentration_of_chlorophyll_in_sea_water,,sea_water_practical_salinity,mass_concentration_of_oxygen_in_sea_water,station,29.398555,29.398555,-90.041184,-90.041184,https://erddap.sensors.ioos.us/erddap/tabledap/gov_usgs_nwis_073802512,True
IOOS-Sensors,gov_usgs_nwis_01311143,HOG ISLAND CHANNEL AT ISLAND PARK NY (USGS 01311143),1,6.0,2023-12-15,2026-09-05,2.7,mass_concentration_of_chlorophyll_in_sea_water,,,mass_concentration_of_oxygen_in_sea_water,station,40.608653,40.608653,-73.656172,-73.656172,https://erddap.sensors.ioos.us/erddap/tabledap/gov_usgs_nwis_01311143,True
IOOS-Sensors,ism-aoos-nerrs_kachdwq,Homer Dolphin Deep Water Quality (KCHA2),1,15.0,2021-07-29,2026-08-12,5.0,mass_concentration_of_chlorophyll_in_sea_water,,sea_water_practical_salinity,mass_concentration_of_oxygen_in_sea_water,station,59.602,59.602,-151.4088,-151.4088,https://erddap.sensors.ioos.us/erddap/tabledap/ism-aoos-nerrs_kachdwq,True
IOOS-Sensors,nerrs_kachdwq,Homer Dolphin Deep Water Quality (KCHA2),1,15.0,2003-01-01,2026-09-05,23.7,mass_concentration_of_chlorophyll_in_sea_water,,sea_water_practical_salinity,mass_concentration_of_oxygen_in_sea_water,station,59.602,59.602,-151.4088,-151.4088,https://erddap.sensors.ioos.us/erddap/tabledap/nerrs_kachdwq,True
IOOS-Sensors,ism-aoos-nerrs_kach3wq,Homer Surface 3 Water Quality,1,15.0,2021-08-24,2026-07-20,4.9,mass_concentration_of_chlorophyll_in_sea_water,,sea_water_practical_salinity,mass_concentration_of_oxygen_in_sea_water,station,59.60205,59.60205,-151.40942,-151.40942,https://erddap.sensors.ioos.us/erddap/tabledap/ism-aoos-nerrs_kach3wq,True
IOOS-Sensors,nerrs_kach3wq,Homer Surface 3 Water Quality,1,15.0,2012-05-31,2026-08-26,14.2,mass_concentration_of_chlorophyll_in_sea_water,,sea_water_practical_salinity,mass_concentration_of_oxygen_in_sea_water,station,59.60205,59.60205,-151.40942,-151.40942,https://erddap.sensors.ioos.us/erddap/tabledap/nerrs_kach3wq,True
IOOS-Sensors,gov_usgs_nwis_01208837,"HOUSATONIC RIVER NR NELLS ISLAND NR STRATFORD, CT (USGS 01208837)",1,15.0,2023-09-01,2026-09-05,3.0,mass_concentration_of_chlorophyll_in_sea_water,,,mass_concentration_of_oxygen_in_sea_water,station,41.188433,41.188433,-73.121253,-73.121253,https://erddap.sensors.ioos.us/erddap/tabledap/gov_usgs_nwis_01208837,True
IOOS-Sensors,gov_usgs_nwis_01372043,HUDSON RIVER NEAR POUGHKEEPSIE NY (USGS 01372043),1,15.0,2023-12-15,2026-09-05,2.7,mass_concentration_of_chlorophyll_in_sea_water,,,mass_concentration_of_oxygen_in_sea_water,station,41.72176,41.72176,-73.940693,-73.940693,https://erddap.sensors.ioos.us/erddap/tabledap/gov_usgs_nwis_01372043,True
IOOS-Sensors,ism-cencoos-edu_humboldt_humbold,Humboldt Bay Pier  (NDBC: HBXC1),1,15.0,NaT,2023-10-09,,mass_concentration_of_chlorophyll_in_sea_water,,sea_water_practical_salinity,mass_concentration_of_oxygen_in_sea_water,station,40.7775,40.7775,-124.19652,-124.19652,https://erddap.sensors.ioos.us/erddap/tabledap/ism-cencoos-edu_humboldt_humbold,False
IOOS-Sensors,humboldt-south-bay,Humboldt South Bay,1,15.0,2025-08-11,2026-06-15,0.8,mass_concentration_of_chlorophyll_in_sea_water,,sea_water_practical_salinity,mass_concentration_of_oxygen_in_sea_water,station,40.723404,40.723404,-124.223396,-124.223396,https://erddap.sensors.ioos.us/erddap/tabledap/humboldt-south-bay,False
IOOS-Sensors,ism-cencoos-humboldt-south-bay,Humboldt South Bay,1,15.0,2025-08-11,2026-06-15,0.8,mass_concentration_of_chlorophyll_in_sea_water,,sea_water_practical_salinity,mass_concentration_of_oxygen_in_sea_water,station,40.723404,40.723404,-124.223396,-124.223396,https://erddap.sensors.ioos.us/erddap/tabledap/ism-cencoos-humboldt-south-bay,False
IOOS-Sensors,indian-river-lagoon-banana-river,Indian River Lagoon - Banana River (IRL-BR),1,60.0,2022-01-01,2026-09-05,4.7,mass_concentration_of_chlorophyll_in_sea_water,,sea_water_practical_salinity,mass_concentration_of_oxygen_in_sea_water,station,28.4549,28.4549,-80.6387,-80.6387,https://erddap.sensors.ioos.us/erddap/tabledap/indian-river-lagoon-banana-river,False
IOOS-Sensors,ism-secoora-indian-river-lagoon--6,Indian River Lagoon - Banana River (IRL-BR),1,60.0,2023-03-29,2026-09-05,3.4,mass_concentration_of_chlorophyll_in_sea_water,,sea_water_practical_salinity,mass_concentration_of_oxygen_in_sea_water,station,28.4549,28.4549,-80.6387,-80.6387,https://erddap.sensors.ioos.us/erddap/tabledap/ism-secoora-indian-river-lagoon--6,False
IOOS-Sensors,indian-river-lagoon-fort-pierce-,Indian River Lagoon - Fort Pierce (IRL-FP),1,60.0,2014-11-13,2026-09-05,11.8,mass_concentration_of_chlorophyll_in_sea_water,,sea_water_practical_salinity,mass_concentration_of_oxygen_in_sea_water,station,27.475555,27.475555,-80.326607,-80.326607,https://erddap.sensors.ioos.us/erddap/tabledap/indian-river-lagoon-fort-pierce-,False
IOOS-Sensors,ism-secoora-indian-river-lagoon-,Indian River Lagoon - Fort Pierce (IRL-FP),1,60.0,2021-08-09,2026-09-05,5.1,mass_concentration_of_chlorophyll_in_sea_water,,sea_water_practical_salinity,mass_concentration_of_oxygen_in_sea_water,station,27.475555,27.475555,-80.326607,-80.326607,https://erddap.sensors.ioos.us/erddap/tabledap/ism-secoora-indian-river-lagoon-,False
IOOS-Sensors,indian-river-lagoon-jensen-beach,Indian River Lagoon - Jensen Beach (IRL-JB),1,60.0,2015-07-17,2026-09-05,11.1,mass_concentration_of_chlorophyll_in_sea_water,,sea_water_practical_salinity,mass_concentration_of_oxygen_in_sea_water,station,27.224389,27.224389,-80.202333,-80.202333,https://erddap.sensors.ioos.us/erddap/tabledap/indian-river-lagoon-jensen-beach,False
IOOS-Sensors,ism-secoora-indian-river-lagoon--1,Indian River Lagoon - Jensen Beach (IRL-JB),1,60.0,2021-08-11,2026-09-05,5.1,mass_concentration_of_chlorophyll_in_sea_water,,sea_water_practical_salinity,mass_concentration_of_oxygen_in_sea_water,station,27.224389,27.224389,-80.202333,-80.202333,https://erddap.sensors.ioos.us/erddap/tabledap/ism-secoora-indian-river-lagoon--1,False
IOOS-Sensors,indian-river-lagoon-link-port-ir,Indian River Lagoon - Link Port (IRL-LP),1,60.0,2014-05-01,2026-09-05,12.3,mass_concentration_of_chlorophyll_in_sea_water,,sea_water_practical_salinity,mass_concentration_of_oxygen_in_sea_water,station,27.53483,27.53483,-80.343113,-80.343113,https://erddap.sensors.ioos.us/erddap/tabledap/indian-river-lagoon-link-port-ir,False
IOOS-Sensors,ism-secoora-indian-river-lagoon--2,Indian River Lagoon - Link Port (IRL-LP),1,60.0,2021-08-15,2026-09-05,5.1,mass_concentration_of_chlorophyll_in_sea_water,,sea_water_practical_salinity,mass_concentration_of_oxygen_in_sea_water,station,27.53483,27.53483,-80.343113,-80.343113,https://erddap.sensors.ioos.us/erddap/tabledap/ism-secoora-indian-river-lagoon--2,False
IOOS-Sensors,indian-river-lagoon-malabar-irl-,Indian River Lagoon - Malabar (IRL-MB),1,60.0,2022-01-01,2026-09-05,4.7,mass_concentration_of_chlorophyll_in_sea_water,,sea_water_practical_salinity,mass_concentration_of_oxygen_in_sea_water,station,27.9751,27.9751,-80.5368,-80.5368,https://erddap.sensors.ioos.us/erddap/tabledap/indian-river-lagoon-malabar-irl-,False
IOOS-Sensors,ism-secoora-indian-river-lagoon--7,Indian River Lagoon - Malabar (IRL-MB),1,60.0,2023-03-29,2026-09-05,3.4,mass_concentration_of_chlorophyll_in_sea_water,,sea_water_practical_salinity,mass_concentration_of_oxygen_in_sea_water,station,27.9751,27.9751,-80.5368,-80.5368,https://erddap.sensors.ioos.us/erddap/tabledap/ism-secoora-indian-river-lagoon--7,False
IOOS-Sensors,indian-river-lagoon-sebastian-ir,Indian River Lagoon - Sebastian (IRL-SB),1,60.0,2015-01-24,2026-09-05,11.6,mass_concentration_of_chlorophyll_in_sea_water,,sea_water_practical_salinity,mass_concentration_of_oxygen_in_sea_water,station,27.839089,27.839089,-80.470822,-80.470822,https://erddap.sensors.ioos.us/erddap/tabledap/indian-river-lagoon-sebastian-ir,False
IOOS-Sensors,ism-secoora-indian-river-lagoon--3,Indian River Lagoon - Sebastian (IRL-SB),1,60.0,2021-09-10,2026-09-05,5.0,mass_concentration_of_chlorophyll_in_sea_water,,sea_water_practical_salinity,mass_concentration_of_oxygen_in_sea_water,station,27.839089,27.839089,-80.470822,-80.470822,https://erddap.sensors.ioos.us/erddap/tabledap/ism-secoora-indian-river-lagoon--3,False
IOOS-Sensors,indian-river-lagoon-st-lucie-est,Indian River Lagoon - St. Lucie Estuary (IRL-SLE),1,60.0,2015-07-13,2026-05-05,10.8,mass_concentration_of_chlorophyll_in_sea_water,,sea_water_practical_salinity,mass_concentration_of_oxygen_in_sea_water,station,27.164947,27.164947,-80.171844,-80.171844,https://erddap.sensors.ioos.us/erddap/tabledap/indian-river-lagoon-st-lucie-est,False
IOOS-Sensors,ism-secoora-indian-river-lagoon--4,Indian River Lagoon - St. Lucie Estuary (IRL-SLE),1,60.0,2021-08-04,2026-05-05,4.8,mass_concentration_of_chlorophyll_in_sea_water,,sea_water_practical_salinity,mass_concentration_of_oxygen_in_sea_water,station,27.164947,27.164947,-80.171844,-80.171844,https://erddap.sensors.ioos.us/erddap/tabledap/ism-secoora-indian-river-lagoon--4,False
IOOS-Sensors,indian-river-lagoon-titusville-i,Indian River Lagoon - Titusville (IRL-TS),1,60.0,2022-01-01,2026-09-05,4.7,mass_concentration_of_chlorophyll_in_sea_water,,sea_water_practical_salinity,mass_concentration_of_oxygen_in_sea_water,station,28.5985,28.5985,-80.7913,-80.7913,https://erddap.sensors.ioos.us/erddap/tabledap/indian-river-lagoon-titusville-i,False
IOOS-Sensors,ism-secoora-indian-river-lagoon--8,Indian River Lagoon - Titusville (IRL-TS),1,60.0,2023-03-29,2026-09-05,3.4,mass_concentration_of_chlorophyll_in_sea_water,,sea_water_practical_salinity,mass_concentration_of_oxygen_in_sea_water,station,28.5985,28.5985,-80.7913,-80.7913,https://erddap.sensors.ioos.us/erddap/tabledap/ism-secoora-indian-river-lagoon--8,False
IOOS-Sensors,indian-river-lagoon-vero-beach-i,Indian River Lagoon - Vero Beach (IRL-VB),1,60.0,2014-12-17,2026-09-05,11.7,mass_concentration_of_chlorophyll_in_sea_water,,sea_water_practical_salinity,mass_concentration_of_oxygen_in_sea_water,station,27.590117,27.590117,-80.355258,-80.355258,https://erddap.sensors.ioos.us/erddap/tabledap/indian-river-lagoon-vero-beach-i,False
IOOS-Sensors,ism-secoora-indian-river-lagoon--5,Indian River Lagoon - Vero Beach (IRL-VB),1,60.0,2021-11-12,2026-09-05,4.8,mass_concentration_of_chlorophyll_in_sea_water,,sea_water_practical_salinity,mass_concentration_of_oxygen_in_sea_water,station,27.590117,27.590117,-80.355258,-80.355258,https://erddap.sensors.ioos.us/erddap/tabledap/ism-secoora-indian-river-lagoon--5,False
IOOS-Sensors,kibesillah-hill-intertidal-shore,Kibesillah Hill Intertidal Shore Station,1,10.0,2009-01-01,2015-12-29,7.0,mass_concentration_of_chlorophyll_in_sea_water,,,,station,39.6004,39.6004,-123.7892,-123.7892,https://erddap.sensors.ioos.us/erddap/tabledap/kibesillah-hill-intertidal-shore,False
IOOS-Sensors,ism-glos-obs_93,Lake Erie Central Basin buoy - OMECP Environmental Sensors,1,30.0,2023-08-01,2026-08-17,3.0,mass_concentration_of_chlorophyll_in_sea_water,,,fractional_saturation_of_oxygen_in_sea_water,station,42.409,42.409,-81.636,-81.636,https://erddap.sensors.ioos.us/erddap/tabledap/ism-glos-obs_93,False
IOOS-Sensors,gov_usgs_nwis_292800090060000,"Little Lake near Bay Dosgris E of Galliano, LA (USGS 292800090060000)",1,15.0,2023-12-15,2026-09-05,2.7,mass_concentration_of_chlorophyll_in_sea_water,,sea_water_practical_salinity,mass_concentration_of_oxygen_in_sea_water,station,29.466667,29.466667,-90.1,-90.1,https://erddap.sensors.ioos.us/erddap/tabledap/gov_usgs_nwis_292800090060000,True
IOOS-Sensors,ism-gcoos-lumcon_101,"LUMCON 101 - Marne Center, LA",1,15.0,2004-02-01,2026-09-05,22.6,mass_concentration_of_chlorophyll_in_sea_water,,sea_water_practical_salinity,mass_concentration_of_oxygen_in_sea_water,station,29.25333,29.25333,-90.66333,-90.66333,https://erddap.sensors.ioos.us/erddap/tabledap/ism-gcoos-lumcon_101,False
IOOS-Sensors,ism-gcoos-lumcon_102,"LUMCON 102 - Terrebonne Bay, LA",1,15.0,2004-01-01,2022-02-14,18.1,mass_concentration_of_chlorophyll_in_sea_water,,sea_water_practical_salinity,mass_concentration_of_oxygen_in_sea_water,station,29.187,29.187,-90.6093,-90.6093,https://erddap.sensors.ioos.us/erddap/tabledap/ism-gcoos-lumcon_102,False
IOOS-Sensors,ism-gcoos-lumcon_wisl1,"LUMCON WISL - Wisner Station at Port Fourchon, LA",1,15.0,2018-02-26,2020-10-28,2.7,mass_concentration_of_chlorophyll_in_sea_water,,sea_water_practical_salinity,mass_concentration_of_oxygen_in_sea_water,station,29.1144,29.1144,-90.184,-90.184,https://erddap.sensors.ioos.us/erddap/tabledap/ism-gcoos-lumcon_wisl1,False
IOOS-Sensors,gov_usgs_nwis_294643095035200,"Lynchburg Res nr CWA Canal Inflow nr Baytown, TX (USGS 294643095035200)",1,15.0,2023-12-15,2026-09-05,2.7,mass_concentration_of_chlorophyll_in_sea_water,,,mass_concentration_of_oxygen_in_sea_water,station,29.778586,29.778586,-95.064428,-95.064428,https://erddap.sensors.ioos.us/erddap/tabledap/gov_usgs_nwis_294643095035200,True
IOOS-Sensors,ism-gcoos-disl_mbla,"MBLA - Middle Bay Light, AL",1,60.0,2006-09-01,2026-04-14,19.6,mass_concentration_of_chlorophyll_in_sea_water,,sea_water_practical_salinity,mass_concentration_of_oxygen_in_sea_water,station,30.4367,30.4367,-88.0117,-88.0117,https://erddap.sensors.ioos.us/erddap/tabledap/ism-gcoos-disl_mbla,False
IOOS-Sensors,com_aquaamerica_lementor,Mentor Wet Well,1,10.0,2015-12-08,2021-07-29,5.6,mass_concentration_of_chlorophyll_in_sea_water,,,mass_concentration_of_oxygen_in_sea_water,station,41.721,41.721,-81.363,-81.363,https://erddap.sensors.ioos.us/erddap/tabledap/com_aquaamerica_lementor,False
IOOS-Sensors,gov_usgs_nwis_011008745,"MERRIMACK R ESTUARY US OF SHAD CRK, SALISBURY, MA (USGS 011008745)",1,5.0,2023-09-01,2026-08-20,3.0,mass_concentration_of_chlorophyll_in_sea_water__microg_l,,,mass_concentration_of_oxygen_in_sea_water,station,42.8193,42.8193,-70.839,-70.839,https://erddap.sensors.ioos.us/erddap/tabledap/gov_usgs_nwis_011008745,True
IOOS-Sensors,gov_usgs_nwis_410757073165601,"MILL RIVER AT PEQUOT YACHT CLUB AT SOUTHPORT, CT (USGS 410757073165601)",1,6.0,2023-09-01,2024-04-18,0.6,mass_concentration_of_chlorophyll_in_sea_water,,,mass_concentration_of_oxygen_in_sea_water,station,41.132508,41.132508,-73.282483,-73.282483,https://erddap.sensors.ioos.us/erddap/tabledap/gov_usgs_nwis_410757073165601,True
IOOS-Sensors,gov_usgs_nwis_410729073171701,"MILL RIVER AT SOUTHPORT HARBOR NEAR SOUTHPORT, CT (USGS 410729073171701)",1,6.0,2023-09-01,2024-04-16,0.6,mass_concentration_of_chlorophyll_in_sea_water,,,mass_concentration_of_oxygen_in_sea_water,station,41.124792,41.124792,-73.288208,-73.288208,https://erddap.sensors.ioos.us/erddap/tabledap/gov_usgs_nwis_410729073171701,True
IOOS-Sensors,gov_usgs_nwis_01402000,Millstone River at Blackwells Mills NJ (USGS 01402000),1,15.0,2023-09-01,2026-09-05,3.0,mass_concentration_of_chlorophyll_in_sea_water,,,mass_concentration_of_oxygen_in_sea_water,station,40.475,40.475,-74.575833,-74.575833,https://erddap.sensors.ioos.us/erddap/tabledap/gov_usgs_nwis_01402000,True
IOOS-Sensors,ism-glos-obs_288,mini Muskegon Lake Observatory,1,60.0,2023-09-13,2025-11-07,2.2,mass_concentration_of_chlorophyll_in_sea_water,,,mass_concentration_of_oxygen_in_sea_water,station,43.2346,43.2346,-86.26067,-86.26067,https://erddap.sensors.ioos.us/erddap/tabledap/ism-glos-obs_288,False
IOOS-Sensors,mini-mooring-deployment-off-oran,"Mini-Mooring deployment off Orange County, California",1,60.0,2023-05-18,2026-09-05,3.3,mass_concentration_of_chlorophyll_in_sea_water,,sea_water_practical_salinity,mass_concentration_of_oxygen_in_sea_water,station,33.613907,33.613907,-118.041475,-118.041475,https://erddap.sensors.ioos.us/erddap/tabledap/mini-mooring-deployment-off-oran,False
IOOS-Sensors,ism-cencoos-monterey-bay-aquariu,Monterey Bay Aquarium Seawater Intake,1,1.0,2021-07-29,2026-07-29,5.0,mass_concentration_of_chlorophyll_in_sea_water,,,fractional_saturation_of_oxygen_in_sea_water,station,36.618553,36.618553,-121.901536,-121.901536,https://erddap.sensors.ioos.us/erddap/tabledap/ism-cencoos-monterey-bay-aquariu,False
IOOS-Sensors,monterey-bay-aquarium-seawate,Monterey Bay Aquarium Seawater Intake,1,1.0,1995-09-22,2026-09-05,31.0,mass_concentration_of_chlorophyll_in_sea_water,,,fractional_saturation_of_oxygen_in_sea_water,station,36.618553,36.618553,-121.901536,-121.901536,https://erddap.sensors.ioos.us/erddap/tabledap/monterey-bay-aquarium-seawate,False
IOOS-Sensors,ism-cencoos-monterey-wharf-real-,Monterey Wharf,1,20.0,2023-08-04,2026-07-28,3.0,mass_concentration_of_chlorophyll_in_sea_water,,sea_water_practical_salinity,fractional_saturation_of_oxygen_in_sea_water,station,36.605086,36.605086,-121.889369,-121.889369,https://erddap.sensors.ioos.us/erddap/tabledap/ism-cencoos-monterey-wharf-real-,False
IOOS-Sensors,monterey-wharf-real-time-samplin,Monterey Wharf,1,20.0,2023-03-09,2026-08-31,3.5,mass_concentration_of_chlorophyll_in_sea_water,,sea_water_practical_salinity,mass_concentration_of_oxygen_in_sea_water,station,36.605086,36.605086,-121.889369,-121.889369,https://erddap.sensors.ioos.us/erddap/tabledap/monterey-wharf-real-time-samplin,False
IOOS-Sensors,ism-cencoos-morro-bay-bs1,Morro Bay (Back Bay),1,10.0,2021-07-29,2026-09-04,5.1,mass_concentration_of_chlorophyll_in_sea_water,,sea_water_practical_salinity,mass_concentration_of_oxygen_in_sea_water,station,35.33382,35.33382,-120.84725,-120.84725,https://erddap.sensors.ioos.us/erddap/tabledap/ism-cencoos-morro-bay-bs1,False
IOOS-Sensors,morro-bay-bs1,Morro Bay (Back Bay),1,10.0,2018-09-20,2026-09-05,8.0,mass_concentration_of_chlorophyll_in_sea_water,,sea_water_practical_salinity,mass_concentration_of_oxygen_in_sea_water,station,35.33382,35.33382,-120.84725,-120.84725,https://erddap.sensors.ioos.us/erddap/tabledap/morro-bay-bs1,False
IOOS-Sensors,ism-cencoos-edu_calpoly_marine_m,Morro Bay Pier (NDBC: MBXC1),1,10.0,2016-01-01,2026-09-04,10.7,mass_concentration_of_chlorophyll_in_sea_water,,sea_water_practical_salinity,mass_concentration_of_oxygen_in_sea_water,station,35.37085,35.37085,-120.8589,-120.8589,https://erddap.sensors.ioos.us/erddap/tabledap/ism-cencoos-edu_calpoly_marine_m,False
IOOS-Sensors,gov_usgs_nwis_411940071590300,"MYSTIC RIVER AT RAM ISLAND YACHT CLUB AT NOANK, CT (USGS 411940071590300)",1,6.0,2023-09-01,2026-09-03,3.0,mass_concentration_of_chlorophyll_in_sea_water,,,,station,41.327681,41.327681,-71.984161,-71.984161,https://erddap.sensors.ioos.us/erddap/tabledap/gov_usgs_nwis_411940071590300,True
IOOS-Sensors,ism-secoora-new-pass-bridge,New Pass Bridge,1,10.0,2023-12-02,2026-08-29,2.7,mass_concentration_of_chlorophyll_in_sea_water,,sea_water_practical_salinity,mass_concentration_of_oxygen_in_sea_water,station,26.37803,26.37803,-81.86088,-81.86088,https://erddap.sensors.ioos.us/erddap/tabledap/ism-secoora-new-pass-bridge,False
IOOS-Sensors,new-pass-bridge,New Pass Bridge,1,10.0,2023-11-06,2026-08-29,2.8,mass_concentration_of_chlorophyll_in_sea_water,,sea_water_practical_salinity,mass_concentration_of_oxygen_in_sea_water,station,26.37803,26.37803,-81.86088,-81.86088,https://erddap.sensors.ioos.us/erddap/tabledap/new-pass-bridge,False
IOOS-Sensors,gov_usgs_nwis_410502073236000,"NORWALK HARBOR AT THE COVE MARINA NR E NORWALK, CT (USGS 410502073236000)",1,6.0,2023-09-01,2026-09-05,3.0,mass_concentration_of_chlorophyll_in_sea_water,,,mass_concentration_of_oxygen_in_sea_water,station,41.08395,41.08395,-73.399986,-73.399986,https://erddap.sensors.ioos.us/erddap/tabledap/gov_usgs_nwis_410502073236000,True
IOOS-Sensors,gov_usgs_nwis_410606073245700,"NORWALK RIVER AT NORWALK AQUARIUM NR S NORWALK, CT (USGS 410606073245700)",1,6.0,2023-12-15,2026-09-05,2.7,mass_concentration_of_chlorophyll_in_sea_water,,,mass_concentration_of_oxygen_in_sea_water,station,41.101619,41.101619,-73.415947,-73.415947,https://erddap.sensors.ioos.us/erddap/tabledap/gov_usgs_nwis_410606073245700,True
IOOS-Sensors,nrpp_17-1098,NRPP_17 - 1098,1,15.0,2017-08-15,2018-06-13,0.8,mass_concentration_of_chlorophyll_in_sea_water_10981aexo_a,,sea_water_practical_salinity_10981aexo_a,mass_concentration_of_oxygen_in_sea_water_10981aexo_a,station,40.61274,40.61274,-73.791,-73.791,https://erddap.sensors.ioos.us/erddap/tabledap/nrpp_17-1098,False
IOOS-Sensors,nrpp_17-1100,NRPP_17 - 1100,1,15.0,2017-08-15,2018-06-13,0.8,mass_concentration_of_chlorophyll_in_sea_water_11002bexo_a,,sea_water_practical_salinity_11002bexo_a,mass_concentration_of_oxygen_in_sea_water_11002bexo_a,station,40.63533,40.63533,-73.8468,-73.8468,https://erddap.sensors.ioos.us/erddap/tabledap/nrpp_17-1100,False
IOOS-Sensors,nrpp_17-1102,NRPP_17 - 1102,1,1.0,2017-08-17,2018-06-27,0.9,mass_concentration_of_chlorophyll_in_sea_water_11024aexo_a,,sea_water_practical_salinity_11024aexo_a,mass_concentration_of_oxygen_in_sea_water_11024aexo_a,station,40.73681,40.73681,-72.88216,-72.88216,https://erddap.sensors.ioos.us/erddap/tabledap/nrpp_17-1102,False
IOOS-Sensors,nrpp_17-1105,NRPP_17 - 1105,1,14.0,2017-08-17,2018-06-27,0.9,mass_concentration_of_chlorophyll_in_sea_water_11054aexo_a,,sea_water_practical_salinity_11054aexo_a,mass_concentration_of_oxygen_in_sea_water_11054aexo_a,station,40.71777,40.71777,-72.94582,-72.94582,https://erddap.sensors.ioos.us/erddap/tabledap/nrpp_17-1105,False
IOOS-Sensors,oa2-mbari-buoy,OA2 MBARI Buoy,1,3.9,2015-05-13,2026-09-04,11.3,mass_concentration_of_chlorophyll_in_sea_water,,sea_water_practical_salinity,moles_of_oxygen_per_unit_mass_in_sea_water,station,37.11086,37.11086,-122.3,-122.3,https://erddap.sensors.ioos.us/erddap/tabledap/oa2-mbari-buoy,False
IOOS-Sensors,noaa_nos_co_ops_8728262,"Ochlockonee Bay, FL",1,6.0,2024-07-24,2026-09-11,2.1,station,,,,station,29.9802,29.9802,-84.395897,-84.395897,https://erddap.sensors.ioos.us/erddap/tabledap/noaa_nos_co_ops_8728262,False
IOOS-Sensors,gov_usgs_nwis_02330000,"OCHLOCKONEE RIVER NR BLOXHAM, FLA. (USGS 02330000)",1,15.0,2023-12-15,2026-09-05,2.7,station,,,,station,30.383253,30.383253,-84.654911,-84.654911,https://erddap.sensors.ioos.us/erddap/tabledap/gov_usgs_nwis_02330000,True
IOOS-Sensors,ism-secoora-gov_usgs_nwis_023300,"OCHLOCKONEE RIVER NR BLOXHAM, FLA. (USGS 02330000)",1,15.0,2023-12-16,2026-09-05,2.7,station,,,,station,30.383253,30.383253,-84.654911,-84.654911,https://erddap.sensors.ioos.us/erddap/tabledap/ism-secoora-gov_usgs_nwis_023300,True
IOOS-Sensors,gov_usgs_nwis_02330150,"OCHLOCKONEE RIVER NR SMITH CREEK, FLA. (USGS 02330150)",1,15.0,2023-12-15,2025-07-02,1.5,station,,,,station,30.176589,30.176589,-84.667964,-84.667964,https://erddap.sensors.ioos.us/erddap/tabledap/gov_usgs_nwis_02330150,True
IOOS-Sensors,ism-secoora-gov_usgs_nwis_023301,"OCHLOCKONEE RIVER NR SMITH CREEK, FLA. (USGS 02330150)",1,15.0,2023-12-16,2025-07-02,1.5,station,,,,station,30.176589,30.176589,-84.667964,-84.667964,https://erddap.sensors.ioos.us/erddap/tabledap/ism-secoora-gov_usgs_nwis_023301,True
IOOS-Sensors,gov_noaa_awc_kodo,"ODESSA SCHLEMEYER FIELD, TX (KODO)",1,60.0,2022-07-11,2026-09-05,4.2,station,,,,station,31.917,31.917,-102.4,-102.4,https://erddap.sensors.ioos.us/erddap/tabledap/gov_noaa_awc_kodo,False
IOOS-Sensors,ism-glos-obs_577,"Ontonagon, MI",1,20.0,2024-06-20,2026-08-07,2.1,mass_concentration_of_chlorophyll_in_sea_water,,,,station,46.932,46.932,-89.349548,-89.349548,https://erddap.sensors.ioos.us/erddap/tabledap/ism-glos-obs_577,False
IOOS-Sensors,glos_leorgn,Oregon Water Intake,1,10.0,2015-06-20,2022-08-15,7.2,mass_concentration_of_chlorophyll_in_sea_water,,,,station,41.67196,41.67196,-83.2903,-83.2903,https://erddap.sensors.ioos.us/erddap/tabledap/glos_leorgn,False
IOOS-Sensors,ism-glos-obs_22,Ottawa County,1,10.0,2021-10-07,2026-09-04,4.9,mass_concentration_of_chlorophyll_in_sea_water,,,mass_concentration_of_oxygen_in_sea_water,station,41.514315,41.514315,-82.9386,-82.9386,https://erddap.sensors.ioos.us/erddap/tabledap/ism-glos-obs_22,False
IOOS-Sensors,glos_leoc,Ottawa County Pump Station,1,10.0,2015-07-07,2022-12-31,7.5,mass_concentration_of_chlorophyll_in_sea_water,,,mass_concentration_of_oxygen_in_sea_water,station,41.514315,41.514315,-82.9386,-82.9386,https://erddap.sensors.ioos.us/erddap/tabledap/glos_leoc,False
IOOS-Sensors,ism-pacioos-nss_001-1,"PacIOOS Nearshore Sensor 001: Waikiki Yacht Club, Oahu, Hawaii (nss_001)",1,4.0,2008-08-15,2013-03-23,4.6,mass_concentration_of_chlorophyll_in_sea_water,,sea_water_practical_salinity,,station,21.28786,21.28786,-157.8407,-157.8407,https://erddap.sensors.ioos.us/erddap/tabledap/ism-pacioos-nss_001-1,False
IOOS-Sensors,ism-pacioos-nss_002-1,"PacIOOS Nearshore Sensor 002: Hawaii Yacht Club, Oahu, Hawaii (nss_002)",1,4.0,2008-07-29,2026-09-03,18.1,mass_concentration_of_chlorophyll_in_sea_water,,sea_water_practical_salinity,,station,21.28641,21.28641,-157.8428,-157.8428,https://erddap.sensors.ioos.us/erddap/tabledap/ism-pacioos-nss_002-1,False
IOOS-Sensors,ism-pacioos-nss_005-1,"PacIOOS Nearshore Sensor 005: Pago Pago, Tutuila, American Samoa (nss_005)",1,4.0,2010-06-09,2026-06-17,16.0,mass_concentration_of_chlorophyll_in_sea_water,,sea_water_practical_salinity,,station,-14.27659,-14.27659,-170.6908,-170.6908,https://erddap.sensors.ioos.us/erddap/tabledap/ism-pacioos-nss_005-1,False
IOOS-Sensors,ism-pacioos-nss_006-1,"PacIOOS Nearshore Sensor 006: Pohnpei, FSM (nss_006)",1,4.0,2010-05-07,2023-12-10,13.6,mass_concentration_of_chlorophyll_in_sea_water,,sea_water_practical_salinity,,station,6.957,6.957,158.2225,158.2225,https://erddap.sensors.ioos.us/erddap/tabledap/ism-pacioos-nss_006-1,False
IOOS-Sensors,ism-pacioos-nss_007-1,"PacIOOS Nearshore Sensor 007: Majuro, Marshall Islands (nss_007)",1,4.0,2010-05-01,2025-10-13,15.4,mass_concentration_of_chlorophyll_in_sea_water,,sea_water_practical_salinity,,station,7.10599,7.10599,171.3728,171.3728,https://erddap.sensors.ioos.us/erddap/tabledap/ism-pacioos-nss_007-1,False
IOOS-Sensors,ism-pacioos-nss_008-1,"PacIOOS Nearshore Sensor 008: Koror, Palau (nss_008)",1,4.0,2010-05-24,2014-05-26,4.0,mass_concentration_of_chlorophyll_in_sea_water,,sea_water_practical_salinity,,station,7.3384,7.3384,134.4657,134.4657,https://erddap.sensors.ioos.us/erddap/tabledap/ism-pacioos-nss_008-1,False
IOOS-Sensors,ism-pacioos-nss_009-1,"PacIOOS Nearshore Sensor 009: Cetti Bay, Guam (nss_009)",1,4.0,2010-05-20,2011-01-31,0.7,mass_concentration_of_chlorophyll_in_sea_water,,sea_water_practical_salinity,,station,13.31522,13.31522,144.657,144.657,https://erddap.sensors.ioos.us/erddap/tabledap/ism-pacioos-nss_009-1,False
IOOS-Sensors,ism-pacioos-nss_010-1,"PacIOOS Nearshore Sensor 010: Maunalua Bay, Oahu, Hawaii (nss_010)",1,4.0,2011-05-31,2026-09-03,15.3,mass_concentration_of_chlorophyll_in_sea_water,,sea_water_practical_salinity,,station,21.28009,21.28009,-157.711,-157.711,https://erddap.sensors.ioos.us/erddap/tabledap/ism-pacioos-nss_010-1,False
IOOS-Sensors,ism-pacioos-nss_011-1,"PacIOOS Nearshore Sensor 011: Laolao Bay, Saipan, CNMI (nss_011)",1,6.0,2011-08-27,2013-08-02,1.9,mass_concentration_of_chlorophyll_in_sea_water,,sea_water_practical_salinity,,station,15.15677,15.15677,145.7696,145.7696,https://erddap.sensors.ioos.us/erddap/tabledap/ism-pacioos-nss_011-1,False
IOOS-Sensors,ism-pacioos-nss_012-1,"PacIOOS Nearshore Sensor 012: Kalama Beach Park, Maui, Hawaii (nss_012)",1,4.0,2014-07-19,2026-01-05,11.5,mass_concentration_of_chlorophyll_in_sea_water,,sea_water_practical_salinity,mass_concentration_of_oxygen_in_sea_water,station,20.73121,20.73121,-156.455,-156.455,https://erddap.sensors.ioos.us/erddap/tabledap/ism-pacioos-nss_012-1,False
IOOS-Sensors,ism-pacioos-nss_013-1,"PacIOOS Nearshore Sensor 013: Kahului, Maui, Hawaii (nss_013)",1,10.0,2014-02-05,2016-04-19,2.2,mass_concentration_of_chlorophyll_in_sea_water,,sea_water_practical_salinity,mass_concentration_of_oxygen_in_sea_water,station,20.89491,20.89491,-156.469,-156.469,https://erddap.sensors.ioos.us/erddap/tabledap/ism-pacioos-nss_013-1,False
IOOS-Sensors,ism-pacioos-nss_015-1,"PacIOOS Nearshore Sensor 015: Pago Bay, Guam (nss_015)",1,4.0,2012-07-07,2026-04-20,13.8,mass_concentration_of_chlorophyll_in_sea_water,,sea_water_practical_salinity,,station,13.42081,13.42081,144.78593,144.78593,https://erddap.sensors.ioos.us/erddap/tabledap/ism-pacioos-nss_015-1,False
IOOS-Sensors,ism-pacioos-nss_016-1,"PacIOOS Nearshore Sensor 016: Wailupe, Oahu, Hawaii (nss_016)",1,4.0,2014-01-15,2017-04-30,3.3,mass_concentration_of_chlorophyll_in_sea_water,,sea_water_practical_salinity,,station,21.2735,21.2735,-157.757,-157.757,https://erddap.sensors.ioos.us/erddap/tabledap/ism-pacioos-nss_016-1,False
IOOS-Sensors,ism-pacioos-nss_cwb_001-1,"PacIOOS Nearshore Sensor Clean Water Branch 001: Waialae, Oahu, Hawaii (nss_cwb_001)",1,4.0,2019-08-06,2020-07-22,1.0,mass_concentration_of_chlorophyll_in_sea_water,,sea_water_practical_salinity,,station,21.2638,21.2638,-157.7635,-157.7635,https://erddap.sensors.ioos.us/erddap/tabledap/ism-pacioos-nss_cwb_001-1,False
IOOS-Sensors,ism-pacioos-nss_cwb_002-1,"PacIOOS Nearshore Sensor Clean Water Branch 002: Kawaikui Beach Park, Oahu, Hawaii (nss_cwb_002)",1,4.0,2019-08-05,2020-07-12,0.9,mass_concentration_of_chlorophyll_in_sea_water,,sea_water_practical_salinity,,station,21.27586,21.27586,-157.7474,-157.7474,https://erddap.sensors.ioos.us/erddap/tabledap/ism-pacioos-nss_cwb_002-1,False
IOOS-Sensors,ism-pacioos-nss_cwb_003-1,"PacIOOS Nearshore Sensor Clean Water Branch 003: Hawaii Kai Boat Channel, Oahu, Hawaii (nss_cwb_003)",1,4.0,2019-08-06,2020-06-21,0.9,mass_concentration_of_chlorophyll_in_sea_water,,sea_water_practical_salinity,,station,21.27516,21.27516,-157.7148,-157.7148,https://erddap.sensors.ioos.us/erddap/tabledap/ism-pacioos-nss_cwb_003-1,False
IOOS-Sensors,ism-pacioos-nss_cwb_004,"PacIOOS Nearshore Sensor Clean Water Branch 004: Keehi Lagoon, Oahu, Hawaii",1,6.0,2021-09-07,2022-09-11,1.0,mass_concentration_of_chlorophyll_in_sea_water,,sea_water_practical_salinity,,station,21.33046,21.33046,-157.89326,-157.89326,https://erddap.sensors.ioos.us/erddap/tabledap/ism-pacioos-nss_cwb_004,False
IOOS-Sensors,ism-pacioos-wqb_04-1,"PacIOOS Water Quality Buoy 04: Hilo Bay, Big Island, Hawaii (wqb_04)",1,15.0,2010-10-23,2026-08-13,15.8,mass_concentration_of_chlorophyll_in_sea_water,,sea_water_practical_salinity,mass_concentration_of_oxygen_in_sea_water,station,19.7341,19.7341,-155.082,-155.082,https://erddap.sensors.ioos.us/erddap/tabledap/ism-pacioos-wqb_04-1,False
IOOS-Sensors,ism-pacioos-wqb_05-1,"PacIOOS Water Quality Buoy 05: Pelekane Bay, Big Island, Hawaii (wqb_05)",1,15.0,2018-03-10,2025-07-22,7.4,mass_concentration_of_chlorophyll_in_sea_water,,sea_water_practical_salinity,mass_concentration_of_oxygen_in_sea_water,station,20.02415,20.02415,-155.8285,-155.8285,https://erddap.sensors.ioos.us/erddap/tabledap/ism-pacioos-wqb_05-1,False
IOOS-Sensors,ism-pacioos-nss_wqspp_002-1,"PacIOOS Water Quality Sensor Partnership Program 002: Kephara, Pohnpei, FSM (nss_wqspp_002)",1,60.0,2015-11-22,2017-06-18,1.6,mass_concentration_of_chlorophyll_in_sea_water,,sea_water_practical_salinity,,station,6.8054,6.8054,158.1129,158.1129,https://erddap.sensors.ioos.us/erddap/tabledap/ism-pacioos-nss_wqspp_002-1,False
IOOS-Sensors,ism-pacioos-nss_wqspp_003-1,PacIOOS Water Quality Sensor Partnership Program 003: Palmyra Atoll (nss_wqspp_003),1,7.0,2017-10-02,2018-10-04,1.0,mass_concentration_of_chlorophyll_in_sea_water,,sea_water_practical_salinity,,station,5.871,5.871,-162.1103,-162.1103,https://erddap.sensors.ioos.us/erddap/tabledap/ism-pacioos-nss_wqspp_003-1,False
IOOS-Sensors,ism-pacioos-nss_wqspp_004-1,"PacIOOS Water Quality Sensor Partnership Program 004: Kewalo Basin, Oahu, Hawaii (nss_wqspp_004)",1,4.0,2017-08-31,2019-05-03,1.7,mass_concentration_of_chlorophyll_in_sea_water,,sea_water_practical_salinity,,station,21.2909,21.2909,-157.8606,-157.8606,https://erddap.sensors.ioos.us/erddap/tabledap/ism-pacioos-nss_wqspp_004-1,False
IOOS-Sensors,ism-pacioos-nss_wqspp_005-1,"PacIOOS Water Quality Sensor Partnership Program 005: Kahala, Oahu, Hawaii (nss_wqspp_005)",1,4.0,2018-09-15,2020-01-31,1.4,mass_concentration_of_chlorophyll_in_sea_water,,sea_water_practical_salinity,,station,21.2682,21.2682,-157.7767,-157.7767,https://erddap.sensors.ioos.us/erddap/tabledap/ism-pacioos-nss_wqspp_005-1,False
IOOS-Sensors,ism-pacioos-nss_wqspp_006,"PacIOOS Water Quality Sensor Partnership Program 006: Ngaremlengui, Babeldaob, Palau",1,10.0,2019-12-18,2020-11-06,0.9,mass_concentration_of_chlorophyll_in_sea_water,,sea_water_practical_salinity,,station,7.5228,7.5228,134.5014,134.5014,https://erddap.sensors.ioos.us/erddap/tabledap/ism-pacioos-nss_wqspp_006,False
IOOS-Sensors,ism-pacioos-nss_wqspp_008-1,"PacIOOS Water Quality Sensor Partnership Program 008: Maalaea Harbor, Maui, Hawaii (nss_wqspp_008)",1,5.0,2020-08-18,2021-09-10,1.1,mass_concentration_of_chlorophyll_in_sea_water,,sea_water_practical_salinity,,station,20.7906,20.7906,-156.511,-156.511,https://erddap.sensors.ioos.us/erddap/tabledap/ism-pacioos-nss_wqspp_008-1,False
IOOS-Sensors,ism-pacioos-nss_wqspp_009,"PacIOOS Water Quality Sensor Partnership Program 009: Nomilo Fishpond, Kauai, Hawaii",1,15.0,2021-09-22,2022-07-12,0.8,mass_concentration_of_chlorophyll_in_sea_water,,sea_water_practical_salinity,,station,21.88538,21.88538,-159.52838,-159.52838,https://erddap.sensors.ioos.us/erddap/tabledap/ism-pacioos-nss_wqspp_009,False
IOOS-Sensors,gov_usgs_nwis_01389005,Passaic River below Pompton Riv at Two Bridges NJ (USGS 01389005),1,15.0,2023-12-15,2026-09-05,2.7,mass_concentration_of_chlorophyll_in_sea_water,,,mass_concentration_of_oxygen_in_sea_water,station,40.896389,40.896389,-74.269167,-74.269167,https://erddap.sensors.ioos.us/erddap/tabledap/gov_usgs_nwis_01389005,True
IOOS-Sensors,gov_usgs_nwis_01304562,PECONIC RIVER AT COUNTY HWY 105 AT RIVERHEAD NY (USGS 01304562),1,6.0,2023-12-15,2026-09-05,2.7,mass_concentration_of_chlorophyll_in_sea_water,,,mass_concentration_of_oxygen_in_sea_water,station,40.917778,40.917778,-72.638667,-72.638667,https://erddap.sensors.ioos.us/erddap/tabledap/gov_usgs_nwis_01304562,True
IOOS-Sensors,point-loma-ocean-outfall-histori,Point Loma Ocean Outfall (Historic),1,9.0,2020-01-01,2023-01-01,3.0,mass_concentration_of_chlorophyll_in_sea_water,,sea_water_practical_salinity,biochemicaloxygendemand,station,32.66996,32.66996,-117.32676,-117.32676,https://erddap.sensors.ioos.us/erddap/tabledap/point-loma-ocean-outfall-histori,False
IOOS-Sensors,ism-cencoos-point-loma-ocean-out,Point Loma Ocean Outfall Real Time Mooring,1,8.7,2023-04-19,2024-12-09,1.6,mass_concentration_of_chlorophyll_in_sea_water,,sea_water_practical_salinity,mass_concentration_of_oxygen_in_sea_water,station,32.66996,32.66996,-117.32676,-117.32676,https://erddap.sensors.ioos.us/erddap/tabledap/ism-cencoos-point-loma-ocean-out,False
IOOS-Sensors,point-loma-ocean-outfall-real-ti,Point Loma Ocean Outfall Real Time Mooring,1,8.7,2021-11-04,2024-12-09,3.1,mass_concentration_of_chlorophyll_in_sea_water,,sea_water_practical_salinity,biochemicaloxygendemand,station,32.66996,32.66996,-117.32676,-117.32676,https://erddap.sensors.ioos.us/erddap/tabledap/point-loma-ocean-outfall-real-ti,False
IOOS-Sensors,ism-gcoos-disl_ppta,"PPTA - Perdido Pass, AL",1,60.0,2011-12-01,2026-09-05,14.8,mass_concentration_of_chlorophyll_in_sea_water,,sea_water_practical_salinity,mass_concentration_of_oxygen_in_sea_water,station,30.2791,30.2791,-87.5561,-87.5561,https://erddap.sensors.ioos.us/erddap/tabledap/ism-gcoos-disl_ppta,False
IOOS-Sensors,gov_usgs_nwis_01400500,Raritan River at Manville NJ (USGS 01400500),1,15.0,2023-09-01,2026-09-05,3.0,mass_concentration_of_chlorophyll_in_sea_water,,,mass_concentration_of_oxygen_in_sea_water,station,40.555556,40.555556,-74.582778,-74.582778,https://erddap.sensors.ioos.us/erddap/tabledap/gov_usgs_nwis_01400500,True
IOOS-Sensors,gov_usgs_nwis_01310740,REYNOLDS CHANNEL AT POINT LOOKOUT NY (USGS 01310740),1,6.0,2023-09-01,2026-09-05,3.0,mass_concentration_of_chlorophyll_in_sea_water,,,mass_concentration_of_oxygen_in_sea_water,station,40.593437,40.593437,-73.58374,-73.58374,https://erddap.sensors.ioos.us/erddap/tabledap/gov_usgs_nwis_01310740,True
IOOS-Sensors,ism-cencoos-tiburon-water-tibc1,Romberg Tiburon Center Pier (tiburon-water-tibc1),1,15.0,2021-12-07,2026-09-04,4.7,mass_concentration_of_chlorophyll_in_sea_water,,sea_water_practical_salinity,mass_concentration_of_oxygen_in_sea_water,station,37.8915,37.8915,-122.4467,-122.4467,https://erddap.sensors.ioos.us/erddap/tabledap/ism-cencoos-tiburon-water-tibc1,False
IOOS-Sensors,gov_usgs_nwis_374938122251801,SAN FRANCISCO BAY A NE SHORE ALCATRAZ ISLAND CA (USGS 374938122251801),1,15.0,2023-12-15,2026-09-05,2.7,mass_concentration_of_chlorophyll_in_sea_water,,,mass_concentration_of_oxygen_in_sea_water,station,37.827222,37.827222,-122.421667,-122.421667,https://erddap.sensors.ioos.us/erddap/tabledap/gov_usgs_nwis_374938122251801,True
IOOS-Sensors,ism-cencoos-gov_usgs_nwis_374938,SAN FRANCISCO BAY A NE SHORE ALCATRAZ ISLAND CA (USGS 374938122251801),1,15.0,2023-12-16,2026-09-04,2.7,mass_concentration_of_chlorophyll_in_sea_water,,,mass_concentration_of_oxygen_in_sea_water,station,37.827222,37.827222,-122.421667,-122.421667,https://erddap.sensors.ioos.us/erddap/tabledap/ism-cencoos-gov_usgs_nwis_374938,True
IOOS-Sensors,ism-cencoos-san-luis-bay-cal-pol-1,San Luis Bay Cal Poly Pier (NDBC: CPXC1),1,1.0,2017-09-01,2026-09-04,9.0,mass_concentration_of_chlorophyll_in_sea_water,,sea_water_practical_salinity,,station,35.17013,35.17013,-120.74061,-120.74061,https://erddap.sensors.ioos.us/erddap/tabledap/ism-cencoos-san-luis-bay-cal-pol-1,False
IOOS-Sensors,san-luis-bay-cal-poly-pier-shore,San Luis Bay Cal Poly Pier (NDBC: CPXC1),1,1.0,2017-09-01,2026-09-05,9.0,mass_concentration_of_chlorophyll_in_sea_water,,sea_water_practical_salinity,,station,35.17013,35.17013,-120.74061,-120.74061,https://erddap.sensors.ioos.us/erddap/tabledap/san-luis-bay-cal-poly-pier-shore,False
IOOS-Sensors,ism-secoora-sanibel-dock,Sanibel Dock,1,10.0,2024-04-13,2026-09-05,2.4,mass_concentration_of_chlorophyll_in_sea_water,,sea_water_practical_salinity,mass_concentration_of_oxygen_in_sea_water,station,26.453428,26.453428,-82.035537,-82.035537,https://erddap.sensors.ioos.us/erddap/tabledap/ism-secoora-sanibel-dock,False
IOOS-Sensors,sanibel-dock,Sanibel Dock,1,10.0,2023-12-22,2026-09-05,2.7,mass_concentration_of_chlorophyll_in_sea_water,,sea_water_practical_salinity,mass_concentration_of_oxygen_in_sea_water,station,26.453428,26.453428,-82.035537,-82.035537,https://erddap.sensors.ioos.us/erddap/tabledap/sanibel-dock,False
IOOS-Sensors,ism-cencoos-edu_ucsc_scwharf1,Santa Cruz Municipal Wharf,1,5.0,2013-02-14,2026-08-19,13.5,mass_concentration_of_chlorophyll_in_sea_water,,sea_water_practical_salinity,mass_concentration_of_oxygen_in_sea_water,station,36.9603,36.9603,-122.0203,-122.0203,https://erddap.sensors.ioos.us/erddap/tabledap/ism-cencoos-edu_ucsc_scwharf1,False
IOOS-Sensors,ism-cencoos-santa-monica-pier-au,Santa Monica Pier Automated Shore Station,1,4.0,2022-08-27,2026-09-04,4.0,mass_concentration_of_chlorophyll_in_sea_water_eco,,sea_water_practical_salinity,,station,34.0086,34.0086,-118.4986,-118.4986,https://erddap.sensors.ioos.us/erddap/tabledap/ism-cencoos-santa-monica-pier-au,False
IOOS-Sensors,ism-cencoos-santa-monica-pier-au-1,Santa Monica Pier Automated Shore Station with ECO,1,4.0,2005-06-16,2026-09-04,21.2,mass_concentration_of_chlorophyll_in_sea_water_ctd,,sea_water_practical_salinity_ctd,,station,34.0086,34.0086,-118.4986,-118.4986,https://erddap.sensors.ioos.us/erddap/tabledap/ism-cencoos-santa-monica-pier-au-1,False
IOOS-Sensors,santa-monica-pier-automated-shor-1,Santa Monica Pier Automated Shore Station with ECO,1,4.0,2005-06-16,2026-09-05,21.2,mass_concentration_of_chlorophyll_in_sea_water_ctd,,sea_water_practical_salinity_ctd,,station,34.0086,34.0086,-118.4986,-118.4986,https://erddap.sensors.ioos.us/erddap/tabledap/santa-monica-pier-automated-shor-1,False
IOOS-Sensors,gov_usgs_nwis_410724073221001,"SAUGATUCK RIVER US RTE 136 NEAR SAUGATUCK, CT (USGS 410724073221001)",1,6.0,2023-09-01,2026-09-05,3.0,mass_concentration_of_chlorophyll_in_sea_water,,,mass_concentration_of_oxygen_in_sea_water,station,41.123453,41.123453,-73.369456,-73.369456,https://erddap.sensors.ioos.us/erddap/tabledap/gov_usgs_nwis_410724073221001,True
IOOS-Sensors,ism-gcoos-sccf_11,SCCF 11 - SCCF RECON Tarpon Bay,1,60.0,2011-03-04,2026-09-05,15.5,mass_concentration_of_chlorophyll_in_sea_water,,sea_water_practical_salinity,mass_concentration_of_oxygen_in_sea_water,station,26.46791,26.46791,-82.0631,-82.0631,https://erddap.sensors.ioos.us/erddap/tabledap/ism-gcoos-sccf_11,False
IOOS-Sensors,ism-gcoos-sccf_12,SCCF 12 - SCCF RECON Blind Pass,1,60.0,2008-01-01,2013-01-02,5.0,mass_concentration_of_chlorophyll_in_sea_water,,sea_water_practical_salinity,mass_concentration_of_oxygen_in_sea_water,station,26.49661,26.49661,-82.14787,-82.14787,https://erddap.sensors.ioos.us/erddap/tabledap/ism-gcoos-sccf_12,False
IOOS-Sensors,ism-gcoos-sccf_13,SCCF 13 - SCCF RECON Shell Point,1,60.0,2008-01-16,2026-07-08,18.5,mass_concentration_of_chlorophyll_in_sea_water,,sea_water_practical_salinity,mass_concentration_of_oxygen_in_sea_water,station,26.52548,26.52548,-82.00315,-82.00315,https://erddap.sensors.ioos.us/erddap/tabledap/ism-gcoos-sccf_13,False
IOOS-Sensors,ism-gcoos-sccf_16,SCCF 16 - SCCF RECON Gulf of Mexico,1,60.0,2008-01-23,2019-12-10,11.9,mass_concentration_of_chlorophyll_in_sea_water,,sea_water_practical_salinity,mass_concentration_of_oxygen_in_sea_water,station,26.43448,26.43448,-81.9647,-81.9647,https://erddap.sensors.ioos.us/erddap/tabledap/ism-gcoos-sccf_16,False
IOOS-Sensors,ism-gcoos-sccf_18,SCCF 18 - SCCF RECON Beautiful Island,1,60.0,2012-11-27,2026-09-05,13.8,mass_concentration_of_chlorophyll_in_sea_water,,sea_water_practical_salinity,mass_concentration_of_oxygen_in_sea_water,station,26.69549,26.69549,-81.81381,-81.81381,https://erddap.sensors.ioos.us/erddap/tabledap/ism-gcoos-sccf_18,False
IOOS-Sensors,ism-gcoos-sccf_51,SCCF 51 - SCCF RECON Redfish Pass,1,15.0,2008-02-01,2026-09-05,18.6,mass_concentration_of_chlorophyll_in_sea_water,,sea_water_practical_salinity,mass_concentration_of_oxygen_in_sea_water,station,26.55448,26.55448,-82.17147,-82.17147,https://erddap.sensors.ioos.us/erddap/tabledap/ism-gcoos-sccf_51,False
IOOS-Sensors,ism-gcoos-sccf_53,SCCF 53 - SCCF RECON Fort Myers,1,15.0,2008-01-01,2026-09-05,18.7,mass_concentration_of_chlorophyll_in_sea_water,,sea_water_practical_salinity,mass_concentration_of_oxygen_in_sea_water,station,26.64934,26.64934,-81.88097,-81.88097,https://erddap.sensors.ioos.us/erddap/tabledap/ism-gcoos-sccf_53,False
IOOS-Sensors,ism-gcoos-sccf_56,SCCF 56 - SCCF RECON McIntyre Creek,1,60.0,2013-12-18,2026-09-05,12.7,mass_concentration_of_chlorophyll_in_sea_water,,sea_water_practical_salinity,mass_concentration_of_oxygen_in_sea_water,station,26.46449,26.46449,-82.10437,-82.10437,https://erddap.sensors.ioos.us/erddap/tabledap/ism-gcoos-sccf_56,False
IOOS-Sensors,newport-pier-automated-shore-sta,SCCOOS Automated Shore Station - Newport Beach Pier,1,3.7,2013-01-23,2026-09-05,13.6,mass_concentration_of_chlorophyll_in_sea_water_ctd,,sea_water_practical_salinity_ctd,mass_concentration_of_oxygen_in_sea_water_ctd,station,33.6073,33.6073,-117.9289,-117.9289,https://erddap.sensors.ioos.us/erddap/tabledap/newport-pier-automated-shore-sta,False
IOOS-Sensors,santa-monica-pier-automated-shor,SCCOOS Automated Shore Station - Santa Monica Pier,1,4.0,2005-06-16,2026-09-05,21.2,mass_concentration_of_chlorophyll_in_sea_water_eco,,sea_water_practical_salinity,,station,34.0086,34.0086,-118.4986,-118.4986,https://erddap.sensors.ioos.us/erddap/tabledap/santa-monica-pier-automated-shor,False
IOOS-Sensors,scripps-pier-automated-shore-sta-1,SCCOOS Automated Shore Station - Scripps Pier (with SeapHOx),1,4.0,2013-01-18,2026-09-05,13.6,mass_concentration_of_chlorophyll_in_sea_water_ctd,,sea_water_practical_salinity_ctd,mass_concentration_of_oxygen_in_sea_water_ctd,station,32.867,32.867,-117.257,-117.257,https://erddap.sensors.ioos.us/erddap/tabledap/scripps-pier-automated-shore-sta-1,False
IOOS-Sensors,ism-aoos-nerrs_kacsdwq,Seldovia Deep Water Quality (SEQA2),1,15.0,2004-01-01,2026-09-05,22.7,mass_concentration_of_chlorophyll_in_sea_water,,sea_water_practical_salinity,mass_concentration_of_oxygen_in_sea_water,station,59.44099,59.44099,-151.72096,-151.72096,https://erddap.sensors.ioos.us/erddap/tabledap/ism-aoos-nerrs_kacsdwq,True
IOOS-Sensors,nerrs_kacsdwq,Seldovia Deep Water Quality (SEQA2),1,15.0,2004-01-01,2026-09-05,22.7,mass_concentration_of_chlorophyll_in_sea_water,,sea_water_practical_salinity,mass_concentration_of_oxygen_in_sea_water,station,59.44099,59.44099,-151.72096,-151.72096,https://erddap.sensors.ioos.us/erddap/tabledap/nerrs_kacsdwq,True
IOOS-Sensors,ism-aoos-nerrs_kacsswq,Seldovia Surface Water Quality,1,15.0,2004-01-01,2026-06-05,22.4,mass_concentration_of_chlorophyll_in_sea_water,,sea_water_practical_salinity,mass_concentration_of_oxygen_in_sea_water,station,59.44099,59.44099,-151.72096,-151.72096,https://erddap.sensors.ioos.us/erddap/tabledap/ism-aoos-nerrs_kacsswq,True
IOOS-Sensors,nerrs_kacsswq,Seldovia Surface Water Quality,1,15.0,2004-01-01,2026-07-31,22.6,mass_concentration_of_chlorophyll_in_sea_water,,sea_water_practical_salinity,mass_concentration_of_oxygen_in_sea_water,station,59.44099,59.44099,-151.72096,-151.72096,https://erddap.sensors.ioos.us/erddap/tabledap/nerrs_kacsswq,True
IOOS-Sensors,gov_usgs_nwis_01304650,SHELTER ISLAND SOUND AT SHELTER ISLAND NY (USGS 01304650),1,6.0,2023-12-15,2026-09-05,2.7,mass_concentration_of_chlorophyll_in_sea_water__microg_l,,,mass_concentration_of_oxygen_in_sea_water,station,41.044306,41.044306,-72.316972,-72.316972,https://erddap.sensors.ioos.us/erddap/tabledap/gov_usgs_nwis_01304650,True
IOOS-Sensors,gov_noaa_awc_ksdy,"Sidney-Richland, MT (KSDY)",1,60.0,2022-07-11,2026-09-05,4.2,station,,,,station,47.7,47.7,-104.2,-104.2,https://erddap.sensors.ioos.us/erddap/tabledap/gov_noaa_awc_ksdy,False
IOOS-Sensors,ism-cencoos-south-bay-ocean-outf,South Bay Ocean Outfall Real Time Mooring,1,9.0,2024-02-02,2025-06-04,1.3,mass_concentration_of_chlorophyll_in_sea_water,,sea_water_practical_salinity,mass_concentration_of_oxygen_in_sea_water,station,32.53171,32.53171,-117.18631,-117.18631,https://erddap.sensors.ioos.us/erddap/tabledap/ism-cencoos-south-bay-ocean-outf,False
IOOS-Sensors,south-bay-ocean-outfall,South Bay Ocean Outfall Real Time Mooring,1,4.4,2021-11-03,2025-06-04,3.6,mass_concentration_of_chlorophyll_in_sea_water,,sea_water_practical_salinity,biochemicaloxygendemand_dep,station,32.53171,32.53171,-117.18631,-117.18631,https://erddap.sensors.ioos.us/erddap/tabledap/south-bay-ocean-outfall,False
IOOS-Sensors,ism-secoora-st-lucie-estuary-mid,St. Lucie Estuary - Middle Estuary (SLE-ME),1,60.0,2021-07-30,2026-09-05,5.1,mass_concentration_of_chlorophyll_in_sea_water,,sea_water_practical_salinity,mass_concentration_of_oxygen_in_sea_water,station,27.208928,27.208928,-80.247974,-80.247974,https://erddap.sensors.ioos.us/erddap/tabledap/ism-secoora-st-lucie-estuary-mid,False
IOOS-Sensors,st-lucie-estuary-middle-estuary-,St. Lucie Estuary - Middle Estuary (SLE-ME),1,60.0,2015-09-10,2026-09-05,11.0,mass_concentration_of_chlorophyll_in_sea_water,,sea_water_practical_salinity,mass_concentration_of_oxygen_in_sea_water,station,27.208928,27.208928,-80.247974,-80.247974,https://erddap.sensors.ioos.us/erddap/tabledap/st-lucie-estuary-middle-estuary-,False
IOOS-Sensors,ism-secoora-st-lucie-estuary-nor,St. Lucie Estuary - North Fork (SLE-NF),1,60.0,2021-09-10,2026-06-01,4.7,mass_concentration_of_chlorophyll_in_sea_water,,sea_water_practical_salinity,mass_concentration_of_oxygen_in_sea_water,station,27.210028,27.210028,-80.2692,-80.2692,https://erddap.sensors.ioos.us/erddap/tabledap/ism-secoora-st-lucie-estuary-nor,False
IOOS-Sensors,st-lucie-estuary-north-fork-sle-,St. Lucie Estuary - North Fork (SLE-NF),1,60.0,2015-07-13,2026-06-01,10.9,mass_concentration_of_chlorophyll_in_sea_water,,sea_water_practical_salinity,mass_concentration_of_oxygen_in_sea_water,station,27.210028,27.210028,-80.2692,-80.2692,https://erddap.sensors.ioos.us/erddap/tabledap/st-lucie-estuary-north-fork-sle-,False
IOOS-Sensors,ism-secoora-st-lucie-estuary-sou-1,St. Lucie Estuary - South Fork (SLE-SF),1,60.0,2021-09-10,2026-09-05,5.0,mass_concentration_of_chlorophyll_in_sea_water,,sea_water_practical_salinity,mass_concentration_of_oxygen_in_sea_water,station,27.187789,27.187789,-80.26418,-80.26418,https://erddap.sensors.ioos.us/erddap/tabledap/ism-secoora-st-lucie-estuary-sou-1,False
IOOS-Sensors,st-lucie-estuary-south-fork-sle-,St. Lucie Estuary - South Fork (SLE-SF),1,60.0,2015-07-22,2026-09-05,11.1,mass_concentration_of_chlorophyll_in_sea_water,,sea_water_practical_salinity,mass_concentration_of_oxygen_in_sea_water,station,27.187789,27.187789,-80.26418,-80.26418,https://erddap.sensors.ioos.us/erddap/tabledap/st-lucie-estuary-south-fork-sle-,False
IOOS-Sensors,ism-secoora-st-lucie-estuary-sou,St. Lucie Estuary - South Fork 2 (SLE-SF2),1,60.0,2021-08-11,2026-09-05,5.1,mass_concentration_of_chlorophyll_in_sea_water,,sea_water_practical_salinity,mass_concentration_of_oxygen_in_sea_water,station,27.114183,27.114183,-80.282867,-80.282867,https://erddap.sensors.ioos.us/erddap/tabledap/ism-secoora-st-lucie-estuary-sou,False
IOOS-Sensors,st-lucie-estuary-south-fork-2-sl,St. Lucie Estuary - South Fork 2 (SLE-SF2),1,60.0,2016-04-28,2026-09-05,10.4,mass_concentration_of_chlorophyll_in_sea_water,,sea_water_practical_salinity,mass_concentration_of_oxygen_in_sea_water,station,27.114183,27.114183,-80.282867,-80.282867,https://erddap.sensors.ioos.us/erddap/tabledap/st-lucie-estuary-south-fork-2-sl,False
IOOS-Sensors,gov_usgs_nwis_11455508,SUISUN BAY A VAN SICKLE ISLAND NR PITTSBURG CA (USGS 11455508),1,15.0,2023-12-15,2025-08-06,1.6,mass_concentration_of_chlorophyll_in_sea_water,,sea_water_practical_salinity,mass_concentration_of_oxygen_in_sea_water,station,38.049531,38.049531,-121.88755,-121.88755,https://erddap.sensors.ioos.us/erddap/tabledap/gov_usgs_nwis_11455508,True
IOOS-Sensors,ism-cencoos-gov_usgs_nwis_114555,SUISUN BAY A VAN SICKLE ISLAND NR PITTSBURG CA (USGS 11455508),1,15.0,2023-12-16,2025-08-06,1.6,mass_concentration_of_chlorophyll_in_sea_water,,sea_water_practical_salinity,mass_concentration_of_oxygen_in_sea_water,station,38.049531,38.049531,-121.88755,-121.88755,https://erddap.sensors.ioos.us/erddap/tabledap/ism-cencoos-gov_usgs_nwis_114555,True
IOOS-Sensors,gov_usgs_nwis_01127768,"THAMES R AT GROTON, CT. (USGS 01127768)",1,15.0,2023-12-15,2026-08-20,2.7,mass_concentration_of_chlorophyll_in_sea_water,,,mass_concentration_of_oxygen_in_sea_water,station,41.348709,41.348709,-72.08202,-72.08202,https://erddap.sensors.ioos.us/erddap/tabledap/gov_usgs_nwis_01127768,True
IOOS-Sensors,tiburon-co2,Tiburon CO2 BOB Mooring,1,60.0,2018-02-21,2018-12-02,0.8,mass_concentration_of_chlorophyll_in_sea_water,,sea_water_practical_salinity,,station,37.8915,37.8915,-122.4467,-122.4467,https://erddap.sensors.ioos.us/erddap/tabledap/tiburon-co2,False
IOOS-Sensors,glos_lsps,Toledo Low Service Pump Station,1,10.0,2015-02-13,2022-08-15,7.5,mass_concentration_of_chlorophyll_in_sea_water,,,,station,41.675,41.675,-83.308,-83.308,https://erddap.sensors.ioos.us/erddap/tabledap/glos_lsps,False
IOOS-Sensors,tomales-bay-buoy,Tomales Bay Buoy,1,12.0,2013-05-22,2021-10-11,8.4,mass_concentration_of_chlorophyll_in_sea_water,,sea_water_practical_salinity,,station,38.18785,38.18785,-122.927681,-122.927681,https://erddap.sensors.ioos.us/erddap/tabledap/tomales-bay-buoy,False
IOOS-Sensors,ism-neracoos-unh_gbb,UNH Great Bay Buoy,1,16.9,2022-05-10,2026-09-05,4.3,mass_concentration_of_chlorophyll_in_sea_water,,sea_water_practical_salinity,,station,43.0715,43.0715,-70.8678,-70.8678,https://erddap.sensors.ioos.us/erddap/tabledap/ism-neracoos-unh_gbb,False
IOOS-Sensors,ism-glos-obs_191,University of Windsor RAEON - Buoy 5 Sensor Line,1,1.3,2024-06-18,2026-08-25,2.2,mass_concentration_of_chlorophyll_in_sea_water,,,fractional_saturation_of_oxygen_in_sea_water,station,42.00213,42.00213,-82.577794,-82.577794,https://erddap.sensors.ioos.us/erddap/tabledap/ism-glos-obs_191,False
IOOS-Sensors,ism-glos-obs_152,University of Windsor RAEON - Buoy 6 Sensor Line,1,2.7,2025-06-16,2026-08-17,1.2,mass_concentration_of_chlorophyll_in_sea_water,,,fractional_saturation_of_oxygen_in_sea_water,station,42.022722,42.022722,-82.669806,-82.669806,https://erddap.sensors.ioos.us/erddap/tabledap/ism-glos-obs_152,False
IOOS-Sensors,ism-secoora-vester-field-station,Vester Field Station,1,10.0,2023-08-01,2026-08-25,3.1,mass_concentration_of_chlorophyll_in_sea_water,,sea_water_practical_salinity,mass_concentration_of_oxygen_in_sea_water,station,26.330882,26.330882,-81.837193,-81.837193,https://erddap.sensors.ioos.us/erddap/tabledap/ism-secoora-vester-field-station,False
IOOS-Sensors,vester-field-station,Vester Field Station,1,10.0,2023-07-01,2026-08-26,3.2,mass_concentration_of_chlorophyll_in_sea_water,,sea_water_practical_salinity,mass_concentration_of_oxygen_in_sea_water,station,26.330882,26.330882,-81.837193,-81.837193,https://erddap.sensors.ioos.us/erddap/tabledap/vester-field-station,False
IOOS-Sensors,glos_lemrbhd,Village of Marblehead Pump Station,1,10.0,2015-07-21,2022-08-15,7.1,mass_concentration_of_chlorophyll_in_sea_water,,,,station,41.5426,41.5426,-82.7269,-82.7269,https://erddap.sensors.ioos.us/erddap/tabledap/glos_lemrbhd,False
IOOS-Sensors,gov_usgs_nwis_01303152,WEST HARBOR AT OYSTER BAY NWR AT BAYVILLE NY (USGS 01303152),1,6.0,2023-12-15,2026-09-05,2.7,mass_concentration_of_chlorophyll_in_sea_water__microg_l,,,mass_concentration_of_oxygen_in_sea_water,station,40.903556,40.903556,-73.543361,-73.543361,https://erddap.sensors.ioos.us/erddap/tabledap/gov_usgs_nwis_01303152,True
IOOS-Sensors,ism-glos-obs_311,Western Lake Erie 2 - OMECP Environmental Sensors,1,30.0,2024-05-01,2025-11-19,1.5,mass_concentration_of_chlorophyll_in_sea_water,,,mass_concentration_of_oxygen_in_sea_water,station,42.0,42.0,-82.647472,-82.647472,https://erddap.sensors.ioos.us/erddap/tabledap/ism-glos-obs_311,False
IOOS-Sensors,ism-glos-obs_312,Western Lake Ontario 1 - OMECP Environmental Sensors,1,30.0,2024-05-10,2025-12-03,1.6,mass_concentration_of_chlorophyll_in_sea_water,,,mass_concentration_of_oxygen_in_sea_water,station,43.80139,43.80139,-79.01208,-79.01208,https://erddap.sensors.ioos.us/erddap/tabledap/ism-glos-obs_312,False
IOOS-Sensors,ism-glos-obs_241,Western Lake Ontario 2 - OMECP Environmental Sensors,1,30.0,2023-05-16,2026-09-05,3.3,mass_concentration_of_chlorophyll_in_sea_water,,,fractional_saturation_of_oxygen_in_sea_water,station,43.572778,43.572778,-79.512444,-79.512444,https://erddap.sensors.ioos.us/erddap/tabledap/ism-glos-obs_241,False
